-- --------------------------------------------------------
-- 主机:                           127.0.0.1
-- 服务器版本:                        5.7.26 - MySQL Community Server (GPL)
-- 服务器操作系统:                      Win64
-- HeidiSQL 版本:                  10.1.0.5464
-- --------------------------------------------------------

/*!40101 SET @OLD_CHARACTER_SET_CLIENT=@@CHARACTER_SET_CLIENT */;
/*!40101 SET NAMES utf8 */;
/*!50503 SET NAMES utf8mb4 */;
/*!40014 SET @OLD_FOREIGN_KEY_CHECKS=@@FOREIGN_KEY_CHECKS, FOREIGN_KEY_CHECKS=0 */;
/*!40101 SET @OLD_SQL_MODE=@@SQL_MODE, SQL_MODE='NO_AUTO_VALUE_ON_ZERO' */;


-- 导出 supermarket 的数据库结构
CREATE DATABASE IF NOT EXISTS `supermarket` /*!40100 DEFAULT CHARACTER SET utf8 */;
USE `supermarket`;

-- 导出  表 supermarket.address 结构
CREATE TABLE IF NOT EXISTS `address` (
  `id` int(11) NOT NULL AUTO_INCREMENT,
  `name` char(50) NOT NULL DEFAULT '0',
  `telephone` char(50) NOT NULL DEFAULT '0',
  `address` char(100) NOT NULL DEFAULT '0',
  `detail` char(100) NOT NULL DEFAULT '0',
  `user_id` int(11) NOT NULL DEFAULT '0',
  PRIMARY KEY (`id`)
) ENGINE=InnoDB AUTO_INCREMENT=10 DEFAULT CHARSET=utf8;

-- 正在导出表  supermarket.address 的数据：~7 rows (大约)
DELETE FROM `address`;
/*!40000 ALTER TABLE `address` DISABLE KEYS */;
INSERT INTO `address` (`id`, `name`, `telephone`, `address`, `detail`, `user_id`) VALUES
	(2, '1234', '13333333333', '北京市海淀区上地街道软件园南路57号八维学-校篮球场', '123', 2),
	(4, 'aaa', '13333333334', '广东省佛山市三水区大塘镇三水大塘工业园爱舒迪路48-6号八维播恩集团', 'aaa', 2),
	(5, 'bbb', '13333333335', '东北旺西路8号中关村软件园内亿城西山公馆', 'bbb', 2),
	(6, 'ccc', '15233333333', '北京市延庆区G6京藏高速58号出口八达岭长城', 'ccc', 2),
	(7, 'ddd', '18666666666', '江西省南昌市东湖区八一大道八一广场', 'ddd', 2),
	(8, 'aaa', '13333334433', '广东省广州市白云区花东镇机场大道东888号广州白云国际机场', 'aaa', 2),
	(9, 'aaaaaaaa', '18333333333', '江西省南昌市东湖区八一大道八一广场', '6666aaacc', 2);
/*!40000 ALTER TABLE `address` ENABLE KEYS */;

-- 导出  表 supermarket.carousel 结构
CREATE TABLE IF NOT EXISTS `carousel` (
  `id` int(11) NOT NULL AUTO_INCREMENT,
  `imgUrl` char(250) NOT NULL DEFAULT '0',
  PRIMARY KEY (`id`)
) ENGINE=InnoDB AUTO_INCREMENT=6 DEFAULT CHARSET=utf8;

-- 正在导出表  supermarket.carousel 的数据：~5 rows (大约)
DELETE FROM `carousel`;
/*!40000 ALTER TABLE `carousel` DISABLE KEYS */;
INSERT INTO `carousel` (`id`, `imgUrl`) VALUES
	(1, 'http://img0.imgtn.bdimg.com/it/u=4056139748,188268754&fm=26&gp=0.jpg'),
	(2, 'http://img4.imgtn.bdimg.com/it/u=1320655359,3560338445&fm=26&gp=0.jpg'),
	(3, 'http://img2.imgtn.bdimg.com/it/u=1957960487,1122390045&fm=26&gp=0.jpg'),
	(4, 'http://img4.imgtn.bdimg.com/it/u=3112527924,4128484268&fm=26&gp=0.jpg'),
	(5, 'http://img4.imgtn.bdimg.com/it/u=1123284133,966986529&fm=26&gp=0.jpg');
/*!40000 ALTER TABLE `carousel` ENABLE KEYS */;

-- 导出  表 supermarket.classify 结构
CREATE TABLE IF NOT EXISTS `classify` (
  `id` int(11) NOT NULL AUTO_INCREMENT COMMENT '分类ID',
  `title` varchar(255) COLLATE utf8_unicode_ci DEFAULT NULL COMMENT '分类标题',
  `icon` varchar(255) COLLATE utf8_unicode_ci DEFAULT NULL COMMENT '分类图标',
  `parent_id` int(11) DEFAULT NULL COMMENT '父类ID',
  PRIMARY KEY (`id`)
) ENGINE=InnoDB AUTO_INCREMENT=253 DEFAULT CHARSET=utf8 COLLATE=utf8_unicode_ci;

-- 正在导出表  supermarket.classify 的数据：~252 rows (大约)
DELETE FROM `classify`;
/*!40000 ALTER TABLE `classify` DISABLE KEYS */;
INSERT INTO `classify` (`id`, `title`, `icon`, `parent_id`) VALUES
	(1, '品牌直发', NULL, 0),
	(2, '蔬菜水果', NULL, 0),
	(3, '肉蛋水产', NULL, 0),
	(4, '熟食速食', NULL, 0),
	(5, '牛奶冰品', NULL, 0),
	(6, '酒水饮品', NULL, 0),
	(7, '休闲小食', NULL, 0),
	(8, '冲调固饮', NULL, 0),
	(9, '粮油副食', NULL, 0),
	(10, '母婴天地', NULL, 0),
	(11, '进口专区', NULL, 0),
	(12, '美妆个护', NULL, 0),
	(13, '纸品家清', NULL, 0),
	(14, '家居日用', NULL, 0),
	(15, '良品铺子', NULL, 1),
	(16, '百草味', NULL, 1),
	(17, '周黑鸭', NULL, 1),
	(18, '网易严选', NULL, 1),
	(19, '水星家纺', NULL, 1),
	(20, '新鲜水果', NULL, 2),
	(21, '肉/禽/蛋', NULL, 3),
	(22, '海鲜/水产', NULL, 3),
	(23, '蔬菜豆菇', NULL, 2),
	(24, '面点熟食', NULL, 4),
	(25, '方便速食', NULL, 4),
	(26, '现制/酱卤', NULL, 4),
	(27, '牛奶/豆奶', NULL, 5),
	(28, '酸奶/乳酸', NULL, 5),
	(29, '冰品/奶酪', NULL, 5),
	(30, '饼干糕点', NULL, 7),
	(31, '糖果巧克力', NULL, 7),
	(32, '闲趣零食', NULL, 7),
	(33, '坚果炒货', NULL, 7),
	(34, '散装零食', NULL, 7),
	(35, '肉干/蜜饯', NULL, 7),
	(36, '中外名酒', NULL, 6),
	(37, '水饮果茶', NULL, 6),
	(38, '冲调饮品', NULL, 8),
	(39, '粮油干货', NULL, 9),
	(40, '厨房调味', NULL, 9),
	(41, '奶粉', NULL, 10),
	(42, '辅食', NULL, 10),
	(43, '尿裤/尿垫', NULL, 10),
	(44, '湿巾/纸巾', NULL, 10),
	(45, '洗护/哺喂', NULL, 10),
	(46, '玩具/车床', NULL, 10),
	(47, '妈妈用品', NULL, 10),
	(48, '进口零食', NULL, 11),
	(49, '进口酒饮', NULL, 11),
	(50, '进口副食', NULL, 11),
	(51, '进口用品', NULL, 11),
	(52, '纸品湿巾', NULL, 13),
	(53, '衣物洗涤', NULL, 13),
	(54, '家居/厨卫清洁', NULL, 13),
	(55, '清洁工具', NULL, 13),
	(56, '驱蚊/除味', NULL, 13),
	(57, '饼干糕点', NULL, 15),
	(58, '坚果炒货', NULL, 15),
	(59, '膨化零食', NULL, 15),
	(60, '肉干蜜饯', NULL, 15),
	(61, '糖果布丁', NULL, 15),
	(62, '饮料', NULL, 15),
	(63, '厨房用具', NULL, 14),
	(64, '餐具/水具', NULL, 14),
	(65, '一次性商品', NULL, 14),
	(66, '家居家纺', NULL, 14),
	(67, '户外/办公', NULL, 14),
	(68, '宠物商品', NULL, 14),
	(69, '糖果速食', NULL, 16),
	(70, '肉干素食', NULL, 16),
	(71, '坚果炒货', NULL, 16),
	(72, '海味零食', NULL, 16),
	(73, '果干蜜饯', NULL, 16),
	(74, '糕点膨化', NULL, 16),
	(75, '肉类熟食', NULL, 17),
	(76, '豆制品', NULL, 17),
	(77, '豆干', NULL, 17),
	(78, '酱料', NULL, 17),
	(79, '美食酒水', NULL, 18),
	(80, '个护清洁', NULL, 18),
	(81, '居家日用', NULL, 18),
	(82, '数码家电', NULL, 18),
	(83, '服饰鞋包', NULL, 18),
	(84, '母婴亲子', NULL, 18),
	(85, '运动旅行', NULL, 18),
	(86, '家具家装', NULL, 18),
	(87, '护肤美容', NULL, 12),
	(88, '身体护理', NULL, 12),
	(89, '洗护用品', NULL, 12),
	(90, ' 口腔护理', NULL, 12),
	(91, '男士专区', NULL, 12),
	(92, '进口水果', NULL, 20),
	(93, '柑橘橙柚', NULL, 20),
	(94, '女性专区', NULL, 12),
	(95, '瓜类', NULL, 20),
	(96, '浆果杂果', NULL, 20),
	(97, '苹果梨', NULL, 20),
	(98, '热带水果', NULL, 20),
	(99, '套件', NULL, 19),
	(100, '家居', NULL, 19),
	(101, '被芯', NULL, 19),
	(102, '婴童用品', NULL, 19),
	(103, '枕芯', NULL, 19),
	(104, '安心蛋品', NULL, 21),
	(105, '安心牛肉', NULL, 21),
	(106, '安心猪肉', NULL, 21),
	(107, '安心羊肉', NULL, 21),
	(108, '安心禽类', NULL, 21),
	(109, '料理品', NULL, 21),
	(110, '干货/丸类', NULL, 22),
	(111, '其他水产', NULL, 22),
	(112, '虾/蟹/贝类', NULL, 22),
	(113, '鱼/干货/丸类', NULL, 22),
	(114, '淡水活鲜', NULL, 22),
	(115, '叶菜', NULL, 23),
	(116, '根茎类', NULL, 23),
	(117, '冷藏蔬菜', NULL, 23),
	(118, '豆椒菌菇', NULL, 23),
	(119, '豆制品', NULL, 23),
	(120, '加工蔬菜', NULL, 23),
	(121, '每日鲜', NULL, 23),
	(122, '瓜果类', NULL, 23),
	(123, '水饺/面条/大饼', NULL, 24),
	(124, '包子/馒头/花卷', NULL, 24),
	(125, '汤圆/馄饨/烧麦', NULL, 24),
	(126, '低温米面品', NULL, 24),
	(127, '其它点心', NULL, 24),
	(128, ' 现制主食', NULL, 24),
	(129, '现制熟食', NULL, 26),
	(130, '罐头类食品', NULL, 25),
	(131, '卤蛋/火腿', NULL, 25),
	(132, '泡菜/酱菜', NULL, 25),
	(133, '粉丝/方便面', NULL, 25),
	(134, '冰淇淋', NULL, 29),
	(135, '奶酪/黄油/沙拉酱', NULL, 29),
	(136, '鲜牛奶', NULL, 27),
	(137, '纯牛奶', NULL, 27),
	(138, '风味奶/儿童奶', NULL, 27),
	(139, '常温酸奶', NULL, 28),
	(140, '低温酸奶', NULL, 28),
	(141, '乳酸菌', NULL, 28),
	(142, '饼干', NULL, 30),
	(143, '威化/曲奇', NULL, 30),
	(144, '中式/西式糕点', NULL, 30),
	(145, '面包/面包干', NULL, 30),
	(146, '巧克力', NULL, 31),
	(147, '口香糖', NULL, 31),
	(148, '糖果/润喉糖', NULL, 31),
	(149, '布丁/果冻', NULL, 31),
	(150, '碎冰冰/龟苓膏', NULL, 31),
	(151, '散糖点', NULL, 31),
	(152, '仙贝/雪饼/米果', NULL, 32),
	(153, '其他膨化食品', NULL, 32),
	(154, '肉干蜜饯', NULL, 32),
	(155, '干果', NULL, 33),
	(156, '蜜饯/话梅', NULL, 35),
	(157, ' 白酒', NULL, 36),
	(158, ' 啤酒', NULL, 36),
	(159, ' 葡萄酒/果酒', NULL, 36),
	(160, ' 保健酒', NULL, 36),
	(161, '散干果蜜饯', NULL, 34),
	(162, '饮用水', NULL, 37),
	(163, '苏打水', NULL, 37),
	(164, '果汁饮品', NULL, 37),
	(165, '蛋白饮料', NULL, 37),
	(166, '茶饮品', NULL, 37),
	(167, '碳酸饮品', NULL, 37),
	(168, '功能饮品', NULL, 37),
	(169, '咖啡/奶茶饮料', NULL, 37),
	(170, '乳酸饮品', NULL, 37),
	(171, '谷物冲调', NULL, 38),
	(172, '咖啡/饮粉', NULL, 38),
	(173, '冲泡茶叶', NULL, 38),
	(174, '蜜制饮品', NULL, 38),
	(175, '食用油', NULL, 39),
	(176, '米面杂粮/粉条', NULL, 39),
	(177, '南北干货', NULL, 39),
	(178, '盐/糖/味精', NULL, 40),
	(179, '酱油/醋', NULL, 40),
	(180, '调味油/汁', NULL, 40),
	(181, '调味料/酱', NULL, 40),
	(182, '果酱/沙拉酱', NULL, 40),
	(183, '婴幼奶粉', NULL, 41),
	(184, '果泥/果蔬汁/水', NULL, 42),
	(185, '零食/糖果', NULL, 42),
	(186, '钙铁锌/DHA', NULL, 42),
	(187, '婴幼儿尿裤', NULL, 43),
	(188, '拉拉裤', NULL, 43),
	(189, '婴幼湿巾/纸巾', NULL, 44),
	(190, '奶瓶/奶嘴/牙胶', NULL, 45),
	(191, '喂哺餐具/电器', NULL, 45),
	(192, '洗浴/清洁护理', NULL, 45),
	(193, '孕妈专区', NULL, 47),
	(194, '护肤/护臀', NULL, 45),
	(195, ' 进口啤酒', NULL, 49),
	(196, '进口饮品', NULL, 49),
	(197, '奶品其他', NULL, 49),
	(198, '童装童鞋/玩具', NULL, 46),
	(199, '粮油基础', NULL, 50),
	(200, '休闲食品', NULL, 48),
	(201, '女性用品', NULL, 51),
	(202, '护理口腔', NULL, 51),
	(203, '洗护发', NULL, 51),
	(204, '护肤', NULL, 51),
	(205, '洗衣用品', NULL, 51),
	(206, '卷纸', NULL, 52),
	(207, '抽纸', NULL, 52),
	(208, '湿巾', NULL, 52),
	(209, '厨房用纸', NULL, 52),
	(210, '除菌消毒', NULL, 53),
	(211, '柔顺剂', NULL, 53),
	(212, '洗衣液/皂', NULL, 53),
	(213, '家具清洁', NULL, 54),
	(214, '拖把/扫帚', NULL, 55),
	(215, '垃圾袋/垃圾桶', NULL, 55),
	(216, '浴室用品', NULL, 55),
	(217, '垃圾袋', NULL, 55),
	(218, '脸盆/垃圾桶/水桶', NULL, 55),
	(219, '杀虫剂', NULL, 56),
	(220, '锅具', NULL, 63),
	(221, '厨房工具', NULL, 63),
	(222, '保鲜盒/饭盒', NULL, 63),
	(223, '保鲜袋/保鲜膜', NULL, 65),
	(224, '一次性餐具/桌布', NULL, 65),
	(225, '床上用品', NULL, 66),
	(226, '毛巾/浴巾', NULL, 66),
	(227, '内衣裤 袜子', NULL, 66),
	(228, '男女拖鞋', NULL, 66),
	(229, '布艺收纳/洗晒', NULL, 66),
	(230, '餐具', NULL, 64),
	(231, '水具', NULL, 64),
	(232, '户外运动', NULL, 67),
	(233, '家用五金', NULL, 67),
	(234, '汽车用品', NULL, 67),
	(235, '宠物食品', NULL, 68),
	(236, '宠物用品', NULL, 68),
	(237, '美妆百货', NULL, 87),
	(238, '面霜/乳液', NULL, 87),
	(239, '身体/护手霜', NULL, 88),
	(240, '洗发露', NULL, 89),
	(241, '洗护发套装', NULL, 89),
	(242, '烫染造型', NULL, 89),
	(243, '护发乳', NULL, 89),
	(244, '沐浴乳', NULL, 89),
	(245, '剃须用品', NULL, 91),
	(246, '男士护理用品', NULL, 91),
	(247, '香皂/洗手液', NULL, 89),
	(248, '牙粉/牙膏', NULL, 90),
	(249, '牙线/牙刷', NULL, 90),
	(250, ' 卫生巾', NULL, 94),
	(251, ' 护垫', NULL, 94),
	(252, '急救/计生', NULL, 94);
/*!40000 ALTER TABLE `classify` ENABLE KEYS */;

-- 导出  表 supermarket.home_classify 结构
CREATE TABLE IF NOT EXISTS `home_classify` (
  `id` int(11) NOT NULL AUTO_INCREMENT,
  `title` varchar(255) COLLATE utf8_unicode_ci DEFAULT NULL COMMENT '分类名称 ',
  `products` mediumtext COLLATE utf8_unicode_ci COMMENT '分类商品',
  `classify_id` int(11) DEFAULT NULL COMMENT '详细分类ID',
  PRIMARY KEY (`id`)
) ENGINE=InnoDB AUTO_INCREMENT=7 DEFAULT CHARSET=utf8 COLLATE=utf8_unicode_ci;

-- 正在导出表  supermarket.home_classify 的数据：~6 rows (大约)
DELETE FROM `home_classify`;
/*!40000 ALTER TABLE `home_classify` DISABLE KEYS */;
INSERT INTO `home_classify` (`id`, `title`, `products`, `classify_id`) VALUES
	(1, '新晋爆款', '1,2,3,4,6,7,8,11,14,16,15,65,67,78,43,56,66,76,82,80', NULL),
	(2, '每日必抢', '3,2,4,5,23,25,36,38,40,56,60,70,80', NULL),
	(3, '水果', '63,64,65,66,67,68,69,70,71,72,73,74,75,76,77,78,79,80,81,82', 20),
	(4, '蔬菜', '1,2,3,4,5,6,7,8,9,10,11,12,13,14,15,16,17,18,19,20,21,22,23,24,25,26,27,28,29,30,31,32,33,34,35,36,37,38,39,40,41,42,43,44,45,46,47,48,49,50,51,52,53,54,55,56,57,58,59,60,61,62', NULL),
	(5, '肉蛋', '10,11,12,13,14,15,16,17,18,19,20', NULL),
	(6, '零食', '20,21,52,43,14,25,66,17,18,19,20', NULL);
/*!40000 ALTER TABLE `home_classify` ENABLE KEYS */;

-- 导出  表 supermarket.navigator 结构
CREATE TABLE IF NOT EXISTS `navigator` (
  `id` int(11) NOT NULL AUTO_INCREMENT,
  `name` char(50) DEFAULT NULL,
  `text` char(50) DEFAULT NULL,
  PRIMARY KEY (`id`)
) ENGINE=InnoDB AUTO_INCREMENT=11 DEFAULT CHARSET=utf8;

-- 正在导出表  supermarket.navigator 的数据：~10 rows (大约)
DELETE FROM `navigator`;
/*!40000 ALTER TABLE `navigator` DISABLE KEYS */;
INSERT INTO `navigator` (`id`, `name`, `text`) VALUES
	(1, 'fa-github', '蔬菜每日鲜'),
	(2, 'fa-github-alt', '肉蛋禽'),
	(3, 'fa-steam-square', '母婴天地'),
	(4, 'fa-weibo', '进店必买'),
	(5, 'fa-weibo', '美通卡'),
	(6, 'fa-weibo', '早晚市'),
	(7, 'fa-weibo', '品牌汇'),
	(8, 'fa-weibo', '领券中心'),
	(9, 'fa-weibo', '支付优惠'),
	(10, 'fa-weibo', '直采品牌');
/*!40000 ALTER TABLE `navigator` ENABLE KEYS */;

-- 导出  表 supermarket.order 结构
CREATE TABLE IF NOT EXISTS `order` (
  `id` int(11) NOT NULL AUTO_INCREMENT,
  `user_id` int(11) NOT NULL DEFAULT '0',
  `address_id` int(11) NOT NULL DEFAULT '0',
  `payway` enum('1','0') NOT NULL DEFAULT '0' COMMENT '支付方式，‘0‘支付宝，’1‘微信',
  `sendway` enum('1','0') NOT NULL DEFAULT '1' COMMENT '配送方式，1多点配送',
  `paytime` char(50) NOT NULL DEFAULT '0' COMMENT '配送时间',
  `remark` varchar(500) NOT NULL DEFAULT '0' COMMENT '备注',
  `list_id` varchar(500) NOT NULL DEFAULT '0' COMMENT '购买商品列表的id',
  `totalprice` float NOT NULL DEFAULT '0' COMMENT '商品金额',
  `cut` float NOT NULL DEFAULT '0' COMMENT '优惠金额',
  `freight` float NOT NULL DEFAULT '0' COMMENT '运费',
  `statu` enum('0','1','2','3','4','5','6') NOT NULL DEFAULT '0' COMMENT '订单状态''1''已支付，‘0’待支付，‘2’待发货，‘3’已发货 ‘4’已收货，‘5’待评价‘‘6’已完成’',
  PRIMARY KEY (`id`)
) ENGINE=InnoDB AUTO_INCREMENT=4 DEFAULT CHARSET=utf8;

-- 正在导出表  supermarket.order 的数据：~3 rows (大约)
DELETE FROM `order`;
/*!40000 ALTER TABLE `order` DISABLE KEYS */;
INSERT INTO `order` (`id`, `user_id`, `address_id`, `payway`, `sendway`, `paytime`, `remark`, `list_id`, `totalprice`, `cut`, `freight`, `statu`) VALUES
	(1, 2, 4, '0', '1', '0', '0', '29,30', 7.87, 3, 12, '0'),
	(2, 2, 2, '0', '1', '0', '0', '29,30', 7.87, 3, 12, '0'),
	(3, 2, 2, '0', '1', '0', '0', '30,32', 4.93, 3, 12, '0');
/*!40000 ALTER TABLE `order` ENABLE KEYS */;

-- 导出  表 supermarket.product 结构
CREATE TABLE IF NOT EXISTS `product` (
  `id` int(11) NOT NULL AUTO_INCREMENT COMMENT '商品Id',
  `name` varchar(255) COLLATE utf8_unicode_ci DEFAULT NULL COMMENT '商品名称',
  `cover` varchar(255) COLLATE utf8_unicode_ci DEFAULT NULL COMMENT '封面图片',
  `images` mediumtext COLLATE utf8_unicode_ci COMMENT '轮播图',
  `price` decimal(10,2) DEFAULT NULL COMMENT '商品价格',
  `oldPrice` decimal(10,2) DEFAULT NULL COMMENT '原价',
  `count` int(10) DEFAULT NULL COMMENT '库存',
  `sales` int(255) DEFAULT NULL COMMENT '销量',
  `detail` text COLLATE utf8_unicode_ci COMMENT '商品详情',
  `specs` varchar(1000) COLLATE utf8_unicode_ci DEFAULT NULL COMMENT '规格',
  `classify_id` int(11) DEFAULT NULL COMMENT '分类ID',
  PRIMARY KEY (`id`)
) ENGINE=InnoDB AUTO_INCREMENT=83 DEFAULT CHARSET=utf8 COLLATE=utf8_unicode_ci;

-- 正在导出表  supermarket.product 的数据：~80 rows (大约)
DELETE FROM `product`;
/*!40000 ALTER TABLE `product` DISABLE KEYS */;
INSERT INTO `product` (`id`, `name`, `cover`, `images`, `price`, `oldPrice`, `count`, `sales`, `detail`, `specs`, `classify_id`) VALUES
	(1, '新土豆【精】 约1kg', 'https://img.dmallcdn.com/20180906/383bf379-dc90-4932-baa4-0aa7e588e7f4_240x240H', '["https://img.dmallcdn.com/20180906/383bf379-dc90-4932-baa4-0aa7e588e7f4_240x240H","https://img.dmallcdn.com/20180906/383bf379-dc90-4932-baa4-0aa7e588e7f4_240x240H","https://img.dmallcdn.com/20180906/383bf379-dc90-4932-baa4-0aa7e588e7f4_240x240H","https://img.dmallcdn.com/20180906/383bf379-dc90-4932-baa4-0aa7e588e7f4_240x240H"]', 5.90, 5.90, 11341, 0, '<img src="https://img.dmallcdn.com/20180808/2ff402b1-cf38-4354-957d-303d4b0c373d_m640" alt="" /> ↵<img src="https://img.dmallcdn.com/20180808/fd48ab65-da49-4c9a-8e6d-cc2a4a268bf5_m640" alt="" /> ↵<img src="https://img.dmallcdn.com/20180808/69426373-def6-457a-82a9-a1e83672b932_m640" alt="" /> ↵<img src="https://img.dmallcdn.com/20180808/48d45c6b-44ab-4697-bf49-3aaae0db5b97_m640" alt="" /> ↵<img src="https://img.dmallcdn.com/20180808/d0eab65e-bb25-4e2d-b900-616f02b9d358_m640" alt="" /> ↵<img src="https://img.dmallcdn.com/20180808/7fb03868-7ebe-4d5f-8cbb-d1009b2c24b0_m640" alt="" /> ↵<img src="https://img.dmallcdn.com/20180808/681446cc-c8cc-4381-b89e-db8247fd22dc_m640" alt="" /> ↵<img src="https://img.dmallcdn.com/20180808/fc7afea4-f45e-4d56-963f-482385986979_m640" alt="" /> ↵<img src="https://img.dmallcdn.com/20180808/5e45549c-b902-4f80-ba78-cbff488c270d_m640" alt="" /> ↵<br /><p><img src="https://img.dmallcdn.com//20180408/38fb0f09-bd05-4302-9519-331d4dcf7752_m640" alt="" /></p>', '[{"key":"类别","value":"其他"},{"key":"包装","value":"呆滞状"}]', 115),
	(2, '金针菇【精】 约380g', 'https://img.dmallcdn.com/20180718/c9506138-deff-43f4-aa56-a806ca5b44e0_240x240H', '["https://img.dmallcdn.com/20180718/c9506138-deff-43f4-aa56-a806ca5b44e0_240x240H","https://img.dmallcdn.com/20180718/c9506138-deff-43f4-aa56-a806ca5b44e0_240x240H","https://img.dmallcdn.com/20180718/c9506138-deff-43f4-aa56-a806ca5b44e0_240x240H","https://img.dmallcdn.com/20180718/c9506138-deff-43f4-aa56-a806ca5b44e0_240x240H"]', 4.90, 4.90, NULL, 75445, '<img src="https://img.dmallcdn.com/20180808/2ff402b1-cf38-4354-957d-303d4b0c373d_m640" alt="" /> ↵<img src="https://img.dmallcdn.com/20180808/fd48ab65-da49-4c9a-8e6d-cc2a4a268bf5_m640" alt="" /> ↵<img src="https://img.dmallcdn.com/20180808/69426373-def6-457a-82a9-a1e83672b932_m640" alt="" /> ↵<img src="https://img.dmallcdn.com/20180808/48d45c6b-44ab-4697-bf49-3aaae0db5b97_m640" alt="" /> ↵<img src="https://img.dmallcdn.com/20180808/d0eab65e-bb25-4e2d-b900-616f02b9d358_m640" alt="" /> ↵<img src="https://img.dmallcdn.com/20180808/7fb03868-7ebe-4d5f-8cbb-d1009b2c24b0_m640" alt="" /> ↵<img src="https://img.dmallcdn.com/20180808/681446cc-c8cc-4381-b89e-db8247fd22dc_m640" alt="" /> ↵<img src="https://img.dmallcdn.com/20180808/fc7afea4-f45e-4d56-963f-482385986979_m640" alt="" /> ↵<img src="https://img.dmallcdn.com/20180808/5e45549c-b902-4f80-ba78-cbff488c270d_m640" alt="" /> ↵<br /><p><img src="https://img.dmallcdn.com//20180408/38fb0f09-bd05-4302-9519-331d4dcf7752_m640" alt="" /></p>', '[{"key":"类别","value":"其他"},{"key":"包装","value":"呆滞状"}]', 115),
	(3, '姜【精】 约350g', 'https://img.dmallcdn.com/20181217/fe1a1428-ee9d-4022-9350-235e671fafa6_240x240H', '["https://img.dmallcdn.com/20181217/fe1a1428-ee9d-4022-9350-235e671fafa6_240x240H","https://img.dmallcdn.com/20181217/fe1a1428-ee9d-4022-9350-235e671fafa6_240x240H","https://img.dmallcdn.com/20181217/fe1a1428-ee9d-4022-9350-235e671fafa6_240x240H","https://img.dmallcdn.com/20181217/fe1a1428-ee9d-4022-9350-235e671fafa6_240x240H"]', 6.50, 6.50, 11341, 0, '<img src="https://img.dmallcdn.com/20180808/2ff402b1-cf38-4354-957d-303d4b0c373d_m640" alt="" /> ↵<img src="https://img.dmallcdn.com/20180808/fd48ab65-da49-4c9a-8e6d-cc2a4a268bf5_m640" alt="" /> ↵<img src="https://img.dmallcdn.com/20180808/69426373-def6-457a-82a9-a1e83672b932_m640" alt="" /> ↵<img src="https://img.dmallcdn.com/20180808/48d45c6b-44ab-4697-bf49-3aaae0db5b97_m640" alt="" /> ↵<img src="https://img.dmallcdn.com/20180808/d0eab65e-bb25-4e2d-b900-616f02b9d358_m640" alt="" /> ↵<img src="https://img.dmallcdn.com/20180808/7fb03868-7ebe-4d5f-8cbb-d1009b2c24b0_m640" alt="" /> ↵<img src="https://img.dmallcdn.com/20180808/681446cc-c8cc-4381-b89e-db8247fd22dc_m640" alt="" /> ↵<img src="https://img.dmallcdn.com/20180808/fc7afea4-f45e-4d56-963f-482385986979_m640" alt="" /> ↵<img src="https://img.dmallcdn.com/20180808/5e45549c-b902-4f80-ba78-cbff488c270d_m640" alt="" /> ↵<br /><p><img src="https://img.dmallcdn.com//20180408/38fb0f09-bd05-4302-9519-331d4dcf7752_m640" alt="" /></p>', '[{"key":"类别","value":"其他"},{"key":"包装","value":"呆滞状"}]', 115),
	(4, '白萝卜【精】 约1kg', 'https://img.dmallcdn.com/20180611/f2074ae3-dadd-4fcb-82b2-8d3455805211_240x240H', '["https://img.dmallcdn.com/20180611/f2074ae3-dadd-4fcb-82b2-8d3455805211_240x240H","https://img.dmallcdn.com/20180611/f2074ae3-dadd-4fcb-82b2-8d3455805211_240x240H","https://img.dmallcdn.com/20180611/f2074ae3-dadd-4fcb-82b2-8d3455805211_240x240H","https://img.dmallcdn.com/20180611/f2074ae3-dadd-4fcb-82b2-8d3455805211_240x240H"]', 3.90, 3.90, 11341, 624, '<img src="https://img.dmallcdn.com/20180808/2ff402b1-cf38-4354-957d-303d4b0c373d_m640" alt="" /> ↵<img src="https://img.dmallcdn.com/20180808/fd48ab65-da49-4c9a-8e6d-cc2a4a268bf5_m640" alt="" /> ↵<img src="https://img.dmallcdn.com/20180808/69426373-def6-457a-82a9-a1e83672b932_m640" alt="" /> ↵<img src="https://img.dmallcdn.com/20180808/48d45c6b-44ab-4697-bf49-3aaae0db5b97_m640" alt="" /> ↵<img src="https://img.dmallcdn.com/20180808/d0eab65e-bb25-4e2d-b900-616f02b9d358_m640" alt="" /> ↵<img src="https://img.dmallcdn.com/20180808/7fb03868-7ebe-4d5f-8cbb-d1009b2c24b0_m640" alt="" /> ↵<img src="https://img.dmallcdn.com/20180808/681446cc-c8cc-4381-b89e-db8247fd22dc_m640" alt="" /> ↵<img src="https://img.dmallcdn.com/20180808/fc7afea4-f45e-4d56-963f-482385986979_m640" alt="" /> ↵<img src="https://img.dmallcdn.com/20180808/5e45549c-b902-4f80-ba78-cbff488c270d_m640" alt="" /> ↵<br /><p><img src="https://img.dmallcdn.com//20180408/38fb0f09-bd05-4302-9519-331d4dcf7752_m640" alt="" /></p>', '[{"key":"类别","value":"其他"},{"key":"包装","value":"呆滞状"}]', 115),
	(5, '冬瓜【精】 约1kg', 'https://img.dmallcdn.com/20181017/a4bedc27-2e07-4842-b153-76f026ed1762_240x240H', '["https://img.dmallcdn.com/20181017/a4bedc27-2e07-4842-b153-76f026ed1762_240x240H","https://img.dmallcdn.com/20181017/a4bedc27-2e07-4842-b153-76f026ed1762_240x240H","https://img.dmallcdn.com/20181017/a4bedc27-2e07-4842-b153-76f026ed1762_240x240H","https://img.dmallcdn.com/20181017/a4bedc27-2e07-4842-b153-76f026ed1762_240x240H"]', 4.60, 4.59, 11341, 6354, '<img src="https://img.dmallcdn.com/20180808/2ff402b1-cf38-4354-957d-303d4b0c373d_m640" alt="" /> ↵<img src="https://img.dmallcdn.com/20180808/fd48ab65-da49-4c9a-8e6d-cc2a4a268bf5_m640" alt="" /> ↵<img src="https://img.dmallcdn.com/20180808/69426373-def6-457a-82a9-a1e83672b932_m640" alt="" /> ↵<img src="https://img.dmallcdn.com/20180808/48d45c6b-44ab-4697-bf49-3aaae0db5b97_m640" alt="" /> ↵<img src="https://img.dmallcdn.com/20180808/d0eab65e-bb25-4e2d-b900-616f02b9d358_m640" alt="" /> ↵<img src="https://img.dmallcdn.com/20180808/7fb03868-7ebe-4d5f-8cbb-d1009b2c24b0_m640" alt="" /> ↵<img src="https://img.dmallcdn.com/20180808/681446cc-c8cc-4381-b89e-db8247fd22dc_m640" alt="" /> ↵<img src="https://img.dmallcdn.com/20180808/fc7afea4-f45e-4d56-963f-482385986979_m640" alt="" /> ↵<img src="https://img.dmallcdn.com/20180808/5e45549c-b902-4f80-ba78-cbff488c270d_m640" alt="" /> ↵<br /><p><img src="https://img.dmallcdn.com//20180408/38fb0f09-bd05-4302-9519-331d4dcf7752_m640" alt="" /></p>', '[{"key":"类别","value":"其他"},{"key":"包装","value":"呆滞状"}]', 115),
	(6, '紫薯【精】 约1kg', 'https://img.dmallcdn.com/20190404/4d369978-7362-4b29-9e6d-a12ef7368bc6_240x240H', '["https://img.dmallcdn.com/20190404/4d369978-7362-4b29-9e6d-a12ef7368bc6_240x240H","https://img.dmallcdn.com/20190404/4d369978-7362-4b29-9e6d-a12ef7368bc6_240x240H","https://img.dmallcdn.com/20190404/4d369978-7362-4b29-9e6d-a12ef7368bc6_240x240H","https://img.dmallcdn.com/20190404/4d369978-7362-4b29-9e6d-a12ef7368bc6_240x240H"]', 9.13, 9.13, 11341, 0, '<img src="https://img.dmallcdn.com/20180808/2ff402b1-cf38-4354-957d-303d4b0c373d_m640" alt="" /> ↵<img src="https://img.dmallcdn.com/20180808/fd48ab65-da49-4c9a-8e6d-cc2a4a268bf5_m640" alt="" /> ↵<img src="https://img.dmallcdn.com/20180808/69426373-def6-457a-82a9-a1e83672b932_m640" alt="" /> ↵<img src="https://img.dmallcdn.com/20180808/48d45c6b-44ab-4697-bf49-3aaae0db5b97_m640" alt="" /> ↵<img src="https://img.dmallcdn.com/20180808/d0eab65e-bb25-4e2d-b900-616f02b9d358_m640" alt="" /> ↵<img src="https://img.dmallcdn.com/20180808/7fb03868-7ebe-4d5f-8cbb-d1009b2c24b0_m640" alt="" /> ↵<img src="https://img.dmallcdn.com/20180808/681446cc-c8cc-4381-b89e-db8247fd22dc_m640" alt="" /> ↵<img src="https://img.dmallcdn.com/20180808/fc7afea4-f45e-4d56-963f-482385986979_m640" alt="" /> ↵<img src="https://img.dmallcdn.com/20180808/5e45549c-b902-4f80-ba78-cbff488c270d_m640" alt="" /> ↵<br /><p><img src="https://img.dmallcdn.com//20180408/38fb0f09-bd05-4302-9519-331d4dcf7752_m640" alt="" /></p>', '[{"key":"类别","value":"其他"},{"key":"包装","value":"呆滞状"}]', 115),
	(7, '铁杆山药【精】 约500g', 'https://img.dmallcdn.com/20180906/5c8a1678-00f3-4e23-9ede-25b16081aa1d_240x240H', '["https://img.dmallcdn.com/20180906/5c8a1678-00f3-4e23-9ede-25b16081aa1d_240x240H","https://img.dmallcdn.com/20180906/5c8a1678-00f3-4e23-9ede-25b16081aa1d_240x240H","https://img.dmallcdn.com/20180906/5c8a1678-00f3-4e23-9ede-25b16081aa1d_240x240H","https://img.dmallcdn.com/20180906/5c8a1678-00f3-4e23-9ede-25b16081aa1d_240x240H"]', 9.90, 9.90, 11341, 0, '<img src="https://img.dmallcdn.com/20180808/2ff402b1-cf38-4354-957d-303d4b0c373d_m640" alt="" /> ↵<img src="https://img.dmallcdn.com/20180808/fd48ab65-da49-4c9a-8e6d-cc2a4a268bf5_m640" alt="" /> ↵<img src="https://img.dmallcdn.com/20180808/69426373-def6-457a-82a9-a1e83672b932_m640" alt="" /> ↵<img src="https://img.dmallcdn.com/20180808/48d45c6b-44ab-4697-bf49-3aaae0db5b97_m640" alt="" /> ↵<img src="https://img.dmallcdn.com/20180808/d0eab65e-bb25-4e2d-b900-616f02b9d358_m640" alt="" /> ↵<img src="https://img.dmallcdn.com/20180808/7fb03868-7ebe-4d5f-8cbb-d1009b2c24b0_m640" alt="" /> ↵<img src="https://img.dmallcdn.com/20180808/681446cc-c8cc-4381-b89e-db8247fd22dc_m640" alt="" /> ↵<img src="https://img.dmallcdn.com/20180808/fc7afea4-f45e-4d56-963f-482385986979_m640" alt="" /> ↵<img src="https://img.dmallcdn.com/20180808/5e45549c-b902-4f80-ba78-cbff488c270d_m640" alt="" /> ↵<br /><p><img src="https://img.dmallcdn.com//20180408/38fb0f09-bd05-4302-9519-331d4dcf7752_m640" alt="" /></p>', '[{"key":"类别","value":"其他"},{"key":"包装","value":"呆滞状"}]', 115),
	(8, '大葱【精】 约500g', 'https://img.dmallcdn.com/20180917/5c3caace-8aeb-4457-a06d-fd0df1bca77b_240x240H', '["https://img.dmallcdn.com/20180917/5c3caace-8aeb-4457-a06d-fd0df1bca77b_240x240H","https://img.dmallcdn.com/20180917/5c3caace-8aeb-4457-a06d-fd0df1bca77b_240x240H","https://img.dmallcdn.com/20180917/5c3caace-8aeb-4457-a06d-fd0df1bca77b_240x240H","https://img.dmallcdn.com/20180917/5c3caace-8aeb-4457-a06d-fd0df1bca77b_240x240H"]', 4.90, 4.90, 11341, 0, '<img src="https://img.dmallcdn.com/20180808/2ff402b1-cf38-4354-957d-303d4b0c373d_m640" alt="" /> ↵<img src="https://img.dmallcdn.com/20180808/fd48ab65-da49-4c9a-8e6d-cc2a4a268bf5_m640" alt="" /> ↵<img src="https://img.dmallcdn.com/20180808/69426373-def6-457a-82a9-a1e83672b932_m640" alt="" /> ↵<img src="https://img.dmallcdn.com/20180808/48d45c6b-44ab-4697-bf49-3aaae0db5b97_m640" alt="" /> ↵<img src="https://img.dmallcdn.com/20180808/d0eab65e-bb25-4e2d-b900-616f02b9d358_m640" alt="" /> ↵<img src="https://img.dmallcdn.com/20180808/7fb03868-7ebe-4d5f-8cbb-d1009b2c24b0_m640" alt="" /> ↵<img src="https://img.dmallcdn.com/20180808/681446cc-c8cc-4381-b89e-db8247fd22dc_m640" alt="" /> ↵<img src="https://img.dmallcdn.com/20180808/fc7afea4-f45e-4d56-963f-482385986979_m640" alt="" /> ↵<img src="https://img.dmallcdn.com/20180808/5e45549c-b902-4f80-ba78-cbff488c270d_m640" alt="" /> ↵<br /><p><img src="https://img.dmallcdn.com//20180408/38fb0f09-bd05-4302-9519-331d4dcf7752_m640" alt="" /></p>', '[{"key":"类别","value":"其他"},{"key":"包装","value":"呆滞状"}]', 115),
	(9, '菠菜【袋】 约350g', 'https://img.dmallcdn.com/20180911/a2f8495b-570a-4a37-ae25-daac95d38c2b_240x240H', '["https://img.dmallcdn.com/20180911/a2f8495b-570a-4a37-ae25-daac95d38c2b_240x240H","https://img.dmallcdn.com/20180911/a2f8495b-570a-4a37-ae25-daac95d38c2b_240x240H","https://img.dmallcdn.com/20180911/a2f8495b-570a-4a37-ae25-daac95d38c2b_240x240H","https://img.dmallcdn.com/20180911/a2f8495b-570a-4a37-ae25-daac95d38c2b_240x240H"]', 2.90, 2.90, 11341, 342, '<img src="https://img.dmallcdn.com/20180808/2ff402b1-cf38-4354-957d-303d4b0c373d_m640" alt="" /> ↵<img src="https://img.dmallcdn.com/20180808/fd48ab65-da49-4c9a-8e6d-cc2a4a268bf5_m640" alt="" /> ↵<img src="https://img.dmallcdn.com/20180808/69426373-def6-457a-82a9-a1e83672b932_m640" alt="" /> ↵<img src="https://img.dmallcdn.com/20180808/48d45c6b-44ab-4697-bf49-3aaae0db5b97_m640" alt="" /> ↵<img src="https://img.dmallcdn.com/20180808/d0eab65e-bb25-4e2d-b900-616f02b9d358_m640" alt="" /> ↵<img src="https://img.dmallcdn.com/20180808/7fb03868-7ebe-4d5f-8cbb-d1009b2c24b0_m640" alt="" /> ↵<img src="https://img.dmallcdn.com/20180808/681446cc-c8cc-4381-b89e-db8247fd22dc_m640" alt="" /> ↵<img src="https://img.dmallcdn.com/20180808/fc7afea4-f45e-4d56-963f-482385986979_m640" alt="" /> ↵<img src="https://img.dmallcdn.com/20180808/5e45549c-b902-4f80-ba78-cbff488c270d_m640" alt="" /> ↵<br /><p><img src="https://img.dmallcdn.com//20180408/38fb0f09-bd05-4302-9519-331d4dcf7752_m640" alt="" /></p>', '[{"key":"类别","value":"其他"},{"key":"包装","value":"呆滞状"}]', 115),
	(10, '金针菇【盒】 约180g', 'https://img.dmallcdn.com/20180611/8d4fd13d-0f10-4647-807c-5ead50636e6d_240x240H', '["https://img.dmallcdn.com/20180611/8d4fd13d-0f10-4647-807c-5ead50636e6d_240x240H","https://img.dmallcdn.com/20180611/8d4fd13d-0f10-4647-807c-5ead50636e6d_240x240H","https://img.dmallcdn.com/20180611/8d4fd13d-0f10-4647-807c-5ead50636e6d_240x240H","https://img.dmallcdn.com/20180611/8d4fd13d-0f10-4647-807c-5ead50636e6d_240x240H"]', 4.90, 4.90, 11341, 0, '<img src="https://img.dmallcdn.com/20180808/2ff402b1-cf38-4354-957d-303d4b0c373d_m640" alt="" /> ↵<img src="https://img.dmallcdn.com/20180808/fd48ab65-da49-4c9a-8e6d-cc2a4a268bf5_m640" alt="" /> ↵<img src="https://img.dmallcdn.com/20180808/69426373-def6-457a-82a9-a1e83672b932_m640" alt="" /> ↵<img src="https://img.dmallcdn.com/20180808/48d45c6b-44ab-4697-bf49-3aaae0db5b97_m640" alt="" /> ↵<img src="https://img.dmallcdn.com/20180808/d0eab65e-bb25-4e2d-b900-616f02b9d358_m640" alt="" /> ↵<img src="https://img.dmallcdn.com/20180808/7fb03868-7ebe-4d5f-8cbb-d1009b2c24b0_m640" alt="" /> ↵<img src="https://img.dmallcdn.com/20180808/681446cc-c8cc-4381-b89e-db8247fd22dc_m640" alt="" /> ↵<img src="https://img.dmallcdn.com/20180808/fc7afea4-f45e-4d56-963f-482385986979_m640" alt="" /> ↵<img src="https://img.dmallcdn.com/20180808/5e45549c-b902-4f80-ba78-cbff488c270d_m640" alt="" /> ↵<br /><p><img src="https://img.dmallcdn.com//20180408/38fb0f09-bd05-4302-9519-331d4dcf7752_m640" alt="" /></p>', '[{"key":"类别","value":"其他"},{"key":"包装","value":"呆滞状"}]', 115),
	(11, '油菜【精】 约350g', 'https://img.dmallcdn.com/20180627/56c565d7-94ca-427e-b79a-69ab271735af_240x240H', '["https://img.dmallcdn.com/20180627/56c565d7-94ca-427e-b79a-69ab271735af_240x240H","https://img.dmallcdn.com/20180627/56c565d7-94ca-427e-b79a-69ab271735af_240x240H","https://img.dmallcdn.com/20180627/56c565d7-94ca-427e-b79a-69ab271735af_240x240H","https://img.dmallcdn.com/20180627/56c565d7-94ca-427e-b79a-69ab271735af_240x240H"]', 0.99, 0.99, 11341, 2324, '<img src="https://img.dmallcdn.com/20180808/2ff402b1-cf38-4354-957d-303d4b0c373d_m640" alt="" /> ↵<img src="https://img.dmallcdn.com/20180808/fd48ab65-da49-4c9a-8e6d-cc2a4a268bf5_m640" alt="" /> ↵<img src="https://img.dmallcdn.com/20180808/69426373-def6-457a-82a9-a1e83672b932_m640" alt="" /> ↵<img src="https://img.dmallcdn.com/20180808/48d45c6b-44ab-4697-bf49-3aaae0db5b97_m640" alt="" /> ↵<img src="https://img.dmallcdn.com/20180808/d0eab65e-bb25-4e2d-b900-616f02b9d358_m640" alt="" /> ↵<img src="https://img.dmallcdn.com/20180808/7fb03868-7ebe-4d5f-8cbb-d1009b2c24b0_m640" alt="" /> ↵<img src="https://img.dmallcdn.com/20180808/681446cc-c8cc-4381-b89e-db8247fd22dc_m640" alt="" /> ↵<img src="https://img.dmallcdn.com/20180808/fc7afea4-f45e-4d56-963f-482385986979_m640" alt="" /> ↵<img src="https://img.dmallcdn.com/20180808/5e45549c-b902-4f80-ba78-cbff488c270d_m640" alt="" /> ↵<br /><p><img src="https://img.dmallcdn.com//20180408/38fb0f09-bd05-4302-9519-331d4dcf7752_m640" alt="" /></p>', '[{"key":"类别","value":"其他"},{"key":"包装","value":"呆滞状"}]', 115),
	(12, '红薯【精】 约1kg', 'https://img.dmallcdn.com/20180911/0d789a56-bc2a-4e92-aa0d-555930580f7c_240x240H', '["https://img.dmallcdn.com/20180911/0d789a56-bc2a-4e92-aa0d-555930580f7c_240x240H","https://img.dmallcdn.com/20180911/0d789a56-bc2a-4e92-aa0d-555930580f7c_240x240H","https://img.dmallcdn.com/20180911/0d789a56-bc2a-4e92-aa0d-555930580f7c_240x240H","https://img.dmallcdn.com/20180911/0d789a56-bc2a-4e92-aa0d-555930580f7c_240x240H"]', 3.90, 3.90, 11341, 7624, '<img src="https://img.dmallcdn.com/20180808/2ff402b1-cf38-4354-957d-303d4b0c373d_m640" alt="" /> ↵<img src="https://img.dmallcdn.com/20180808/fd48ab65-da49-4c9a-8e6d-cc2a4a268bf5_m640" alt="" /> ↵<img src="https://img.dmallcdn.com/20180808/69426373-def6-457a-82a9-a1e83672b932_m640" alt="" /> ↵<img src="https://img.dmallcdn.com/20180808/48d45c6b-44ab-4697-bf49-3aaae0db5b97_m640" alt="" /> ↵<img src="https://img.dmallcdn.com/20180808/d0eab65e-bb25-4e2d-b900-616f02b9d358_m640" alt="" /> ↵<img src="https://img.dmallcdn.com/20180808/7fb03868-7ebe-4d5f-8cbb-d1009b2c24b0_m640" alt="" /> ↵<img src="https://img.dmallcdn.com/20180808/681446cc-c8cc-4381-b89e-db8247fd22dc_m640" alt="" /> ↵<img src="https://img.dmallcdn.com/20180808/fc7afea4-f45e-4d56-963f-482385986979_m640" alt="" /> ↵<img src="https://img.dmallcdn.com/20180808/5e45549c-b902-4f80-ba78-cbff488c270d_m640" alt="" /> ↵<br /><p><img src="https://img.dmallcdn.com//20180408/38fb0f09-bd05-4302-9519-331d4dcf7752_m640" alt="" /></p>', '[{"key":"类别","value":"其他"},{"key":"包装","value":"呆滞状"}]', 115),
	(13, '西兰花【精】 约350g', 'https://img.dmallcdn.com/20180611/0b7358d7-dfda-4654-986c-67ab2d3b4701_240x240H', '["https://img.dmallcdn.com/20180611/0b7358d7-dfda-4654-986c-67ab2d3b4701_240x240H","https://img.dmallcdn.com/20180611/0b7358d7-dfda-4654-986c-67ab2d3b4701_240x240H","https://img.dmallcdn.com/20180611/0b7358d7-dfda-4654-986c-67ab2d3b4701_240x240H","https://img.dmallcdn.com/20180611/0b7358d7-dfda-4654-986c-67ab2d3b4701_240x240H"]', 4.90, 4.90, 11341, 0, '<img src="https://img.dmallcdn.com/20180808/2ff402b1-cf38-4354-957d-303d4b0c373d_m640" alt="" /> ↵<img src="https://img.dmallcdn.com/20180808/fd48ab65-da49-4c9a-8e6d-cc2a4a268bf5_m640" alt="" /> ↵<img src="https://img.dmallcdn.com/20180808/69426373-def6-457a-82a9-a1e83672b932_m640" alt="" /> ↵<img src="https://img.dmallcdn.com/20180808/48d45c6b-44ab-4697-bf49-3aaae0db5b97_m640" alt="" /> ↵<img src="https://img.dmallcdn.com/20180808/d0eab65e-bb25-4e2d-b900-616f02b9d358_m640" alt="" /> ↵<img src="https://img.dmallcdn.com/20180808/7fb03868-7ebe-4d5f-8cbb-d1009b2c24b0_m640" alt="" /> ↵<img src="https://img.dmallcdn.com/20180808/681446cc-c8cc-4381-b89e-db8247fd22dc_m640" alt="" /> ↵<img src="https://img.dmallcdn.com/20180808/fc7afea4-f45e-4d56-963f-482385986979_m640" alt="" /> ↵<img src="https://img.dmallcdn.com/20180808/5e45549c-b902-4f80-ba78-cbff488c270d_m640" alt="" /> ↵<br /><p><img src="https://img.dmallcdn.com//20180408/38fb0f09-bd05-4302-9519-331d4dcf7752_m640" alt="" /></p>', '[{"key":"类别","value":"其他"},{"key":"包装","value":"呆滞状"}]', 115),
	(14, '杏鲍菇【精】 约450g', 'https://img.dmallcdn.com/20190304/e6f29179-2b5c-4751-8015-9b00b9c3718c_240x240H', '["https://img.dmallcdn.com/20190304/e6f29179-2b5c-4751-8015-9b00b9c3718c_240x240H","https://img.dmallcdn.com/20190304/e6f29179-2b5c-4751-8015-9b00b9c3718c_240x240H","https://img.dmallcdn.com/20190304/e6f29179-2b5c-4751-8015-9b00b9c3718c_240x240H","https://img.dmallcdn.com/20190304/e6f29179-2b5c-4751-8015-9b00b9c3718c_240x240H"]', 5.90, 5.90, NULL, 0, '<img src="https://img.dmallcdn.com/20180808/2ff402b1-cf38-4354-957d-303d4b0c373d_m640" alt="" /> ↵<img src="https://img.dmallcdn.com/20180808/fd48ab65-da49-4c9a-8e6d-cc2a4a268bf5_m640" alt="" /> ↵<img src="https://img.dmallcdn.com/20180808/69426373-def6-457a-82a9-a1e83672b932_m640" alt="" /> ↵<img src="https://img.dmallcdn.com/20180808/48d45c6b-44ab-4697-bf49-3aaae0db5b97_m640" alt="" /> ↵<img src="https://img.dmallcdn.com/20180808/d0eab65e-bb25-4e2d-b900-616f02b9d358_m640" alt="" /> ↵<img src="https://img.dmallcdn.com/20180808/7fb03868-7ebe-4d5f-8cbb-d1009b2c24b0_m640" alt="" /> ↵<img src="https://img.dmallcdn.com/20180808/681446cc-c8cc-4381-b89e-db8247fd22dc_m640" alt="" /> ↵<img src="https://img.dmallcdn.com/20180808/fc7afea4-f45e-4d56-963f-482385986979_m640" alt="" /> ↵<img src="https://img.dmallcdn.com/20180808/5e45549c-b902-4f80-ba78-cbff488c270d_m640" alt="" /> ↵<br /><p><img src="https://img.dmallcdn.com//20180408/38fb0f09-bd05-4302-9519-331d4dcf7752_m640" alt="" /></p>', '[{"key":"类别","value":"其他"},{"key":"包装","value":"呆滞状"}]', 115),
	(15, '蟹味菇【精】 约150g', 'https://img.dmallcdn.com/20180718/b0e31516-cb1e-4e5c-8339-2bf517dfb108_240x240H', '["https://img.dmallcdn.com/20180718/b0e31516-cb1e-4e5c-8339-2bf517dfb108_240x240H","https://img.dmallcdn.com/20180718/b0e31516-cb1e-4e5c-8339-2bf517dfb108_240x240H","https://img.dmallcdn.com/20180718/b0e31516-cb1e-4e5c-8339-2bf517dfb108_240x240H","https://img.dmallcdn.com/20180718/b0e31516-cb1e-4e5c-8339-2bf517dfb108_240x240H"]', 5.90, 5.90, NULL, 0, '<img src="https://img.dmallcdn.com/20180808/2ff402b1-cf38-4354-957d-303d4b0c373d_m640" alt="" /> ↵<img src="https://img.dmallcdn.com/20180808/fd48ab65-da49-4c9a-8e6d-cc2a4a268bf5_m640" alt="" /> ↵<img src="https://img.dmallcdn.com/20180808/69426373-def6-457a-82a9-a1e83672b932_m640" alt="" /> ↵<img src="https://img.dmallcdn.com/20180808/48d45c6b-44ab-4697-bf49-3aaae0db5b97_m640" alt="" /> ↵<img src="https://img.dmallcdn.com/20180808/d0eab65e-bb25-4e2d-b900-616f02b9d358_m640" alt="" /> ↵<img src="https://img.dmallcdn.com/20180808/7fb03868-7ebe-4d5f-8cbb-d1009b2c24b0_m640" alt="" /> ↵<img src="https://img.dmallcdn.com/20180808/681446cc-c8cc-4381-b89e-db8247fd22dc_m640" alt="" /> ↵<img src="https://img.dmallcdn.com/20180808/fc7afea4-f45e-4d56-963f-482385986979_m640" alt="" /> ↵<img src="https://img.dmallcdn.com/20180808/5e45549c-b902-4f80-ba78-cbff488c270d_m640" alt="" /> ↵<br /><p><img src="https://img.dmallcdn.com//20180408/38fb0f09-bd05-4302-9519-331d4dcf7752_m640" alt="" /></p>', '[{"key":"类别","value":"其他"},{"key":"包装","value":"呆滞状"}]', 115),
	(16, '扁豆【精】 约350g', 'https://img.dmallcdn.com/20190725/b28f49c0-d47c-4b67-b2f0-6afb08809990_240x240H', '["https://img.dmallcdn.com/20190725/b28f49c0-d47c-4b67-b2f0-6afb08809990_240x240H","https://img.dmallcdn.com/20190725/b28f49c0-d47c-4b67-b2f0-6afb08809990_240x240H","https://img.dmallcdn.com/20190725/b28f49c0-d47c-4b67-b2f0-6afb08809990_240x240H","https://img.dmallcdn.com/20190725/b28f49c0-d47c-4b67-b2f0-6afb08809990_240x240H"]', 4.90, 4.90, NULL, 0, '<img src="https://img.dmallcdn.com/20180808/2ff402b1-cf38-4354-957d-303d4b0c373d_m640" alt="" /> ↵<img src="https://img.dmallcdn.com/20180808/fd48ab65-da49-4c9a-8e6d-cc2a4a268bf5_m640" alt="" /> ↵<img src="https://img.dmallcdn.com/20180808/69426373-def6-457a-82a9-a1e83672b932_m640" alt="" /> ↵<img src="https://img.dmallcdn.com/20180808/48d45c6b-44ab-4697-bf49-3aaae0db5b97_m640" alt="" /> ↵<img src="https://img.dmallcdn.com/20180808/d0eab65e-bb25-4e2d-b900-616f02b9d358_m640" alt="" /> ↵<img src="https://img.dmallcdn.com/20180808/7fb03868-7ebe-4d5f-8cbb-d1009b2c24b0_m640" alt="" /> ↵<img src="https://img.dmallcdn.com/20180808/681446cc-c8cc-4381-b89e-db8247fd22dc_m640" alt="" /> ↵<img src="https://img.dmallcdn.com/20180808/fc7afea4-f45e-4d56-963f-482385986979_m640" alt="" /> ↵<img src="https://img.dmallcdn.com/20180808/5e45549c-b902-4f80-ba78-cbff488c270d_m640" alt="" /> ↵<br /><p><img src="https://img.dmallcdn.com//20180408/38fb0f09-bd05-4302-9519-331d4dcf7752_m640" alt="" /></p>', '[{"key":"类别","value":"其他"},{"key":"包装","value":"呆滞状"}]', 115),
	(17, '芹菜 约950g', 'https://img.dmallcdn.com/20170314/dd9a2a68-cf20-415c-a3ba-5c654b3d6000_240x240H', '["https://img.dmallcdn.com/20170314/dd9a2a68-cf20-415c-a3ba-5c654b3d6000_240x240H","https://img.dmallcdn.com/20170314/dd9a2a68-cf20-415c-a3ba-5c654b3d6000_240x240H","https://img.dmallcdn.com/20170314/dd9a2a68-cf20-415c-a3ba-5c654b3d6000_240x240H","https://img.dmallcdn.com/20170314/dd9a2a68-cf20-415c-a3ba-5c654b3d6000_240x240H"]', 2.18, 2.18, 11341, 6344324, '<img src="https://img.dmallcdn.com/20180808/2ff402b1-cf38-4354-957d-303d4b0c373d_m640" alt="" /> ↵<img src="https://img.dmallcdn.com/20180808/fd48ab65-da49-4c9a-8e6d-cc2a4a268bf5_m640" alt="" /> ↵<img src="https://img.dmallcdn.com/20180808/69426373-def6-457a-82a9-a1e83672b932_m640" alt="" /> ↵<img src="https://img.dmallcdn.com/20180808/48d45c6b-44ab-4697-bf49-3aaae0db5b97_m640" alt="" /> ↵<img src="https://img.dmallcdn.com/20180808/d0eab65e-bb25-4e2d-b900-616f02b9d358_m640" alt="" /> ↵<img src="https://img.dmallcdn.com/20180808/7fb03868-7ebe-4d5f-8cbb-d1009b2c24b0_m640" alt="" /> ↵<img src="https://img.dmallcdn.com/20180808/681446cc-c8cc-4381-b89e-db8247fd22dc_m640" alt="" /> ↵<img src="https://img.dmallcdn.com/20180808/fc7afea4-f45e-4d56-963f-482385986979_m640" alt="" /> ↵<img src="https://img.dmallcdn.com/20180808/5e45549c-b902-4f80-ba78-cbff488c270d_m640" alt="" /> ↵<br /><p><img src="https://img.dmallcdn.com//20180408/38fb0f09-bd05-4302-9519-331d4dcf7752_m640" alt="" /></p>', '[{"key":"类别","value":"其他"},{"key":"包装","value":"呆滞状"}]', 115),
	(18, '西红柿实惠装 约1.1kg', 'https://img.dmallcdn.com/20180911/ff22f682-f30f-4935-aec0-57b52d853e79_240x240H', '["https://img.dmallcdn.com/20180911/ff22f682-f30f-4935-aec0-57b52d853e79_240x240H","https://img.dmallcdn.com/20180911/ff22f682-f30f-4935-aec0-57b52d853e79_240x240H","https://img.dmallcdn.com/20180911/ff22f682-f30f-4935-aec0-57b52d853e79_240x240H","https://img.dmallcdn.com/20180911/ff22f682-f30f-4935-aec0-57b52d853e79_240x240H"]', 7.98, 7.98, 11341, 0, '<img src="https://img.dmallcdn.com/20180808/2ff402b1-cf38-4354-957d-303d4b0c373d_m640" alt="" /> ↵<img src="https://img.dmallcdn.com/20180808/fd48ab65-da49-4c9a-8e6d-cc2a4a268bf5_m640" alt="" /> ↵<img src="https://img.dmallcdn.com/20180808/69426373-def6-457a-82a9-a1e83672b932_m640" alt="" /> ↵<img src="https://img.dmallcdn.com/20180808/48d45c6b-44ab-4697-bf49-3aaae0db5b97_m640" alt="" /> ↵<img src="https://img.dmallcdn.com/20180808/d0eab65e-bb25-4e2d-b900-616f02b9d358_m640" alt="" /> ↵<img src="https://img.dmallcdn.com/20180808/7fb03868-7ebe-4d5f-8cbb-d1009b2c24b0_m640" alt="" /> ↵<img src="https://img.dmallcdn.com/20180808/681446cc-c8cc-4381-b89e-db8247fd22dc_m640" alt="" /> ↵<img src="https://img.dmallcdn.com/20180808/fc7afea4-f45e-4d56-963f-482385986979_m640" alt="" /> ↵<img src="https://img.dmallcdn.com/20180808/5e45549c-b902-4f80-ba78-cbff488c270d_m640" alt="" /> ↵<br /><p><img src="https://img.dmallcdn.com//20180408/38fb0f09-bd05-4302-9519-331d4dcf7752_m640" alt="" /></p>', '[{"key":"类别","value":"其他"},{"key":"包装","value":"呆滞状"}]', 115),
	(19, '蒿子秆【袋】 约250g', 'https://img.dmallcdn.com/20190226/cec0d055-bb8f-43d6-af26-b583efec60ff_240x240H', '["https://img.dmallcdn.com/20190226/cec0d055-bb8f-43d6-af26-b583efec60ff_240x240H","https://img.dmallcdn.com/20190226/cec0d055-bb8f-43d6-af26-b583efec60ff_240x240H","https://img.dmallcdn.com/20190226/cec0d055-bb8f-43d6-af26-b583efec60ff_240x240H","https://img.dmallcdn.com/20190226/cec0d055-bb8f-43d6-af26-b583efec60ff_240x240H"]', 3.90, 3.90, 11341, 653754, '<img src="https://img.dmallcdn.com/20180808/2ff402b1-cf38-4354-957d-303d4b0c373d_m640" alt="" /> ↵<img src="https://img.dmallcdn.com/20180808/fd48ab65-da49-4c9a-8e6d-cc2a4a268bf5_m640" alt="" /> ↵<img src="https://img.dmallcdn.com/20180808/69426373-def6-457a-82a9-a1e83672b932_m640" alt="" /> ↵<img src="https://img.dmallcdn.com/20180808/48d45c6b-44ab-4697-bf49-3aaae0db5b97_m640" alt="" /> ↵<img src="https://img.dmallcdn.com/20180808/d0eab65e-bb25-4e2d-b900-616f02b9d358_m640" alt="" /> ↵<img src="https://img.dmallcdn.com/20180808/7fb03868-7ebe-4d5f-8cbb-d1009b2c24b0_m640" alt="" /> ↵<img src="https://img.dmallcdn.com/20180808/681446cc-c8cc-4381-b89e-db8247fd22dc_m640" alt="" /> ↵<img src="https://img.dmallcdn.com/20180808/fc7afea4-f45e-4d56-963f-482385986979_m640" alt="" /> ↵<img src="https://img.dmallcdn.com/20180808/5e45549c-b902-4f80-ba78-cbff488c270d_m640" alt="" /> ↵<br /><p><img src="https://img.dmallcdn.com//20180408/38fb0f09-bd05-4302-9519-331d4dcf7752_m640" alt="" /></p>', '[{"key":"类别","value":"其他"},{"key":"包装","value":"呆滞状"}]', 115),
	(20, '缤纷田园香菇 约250g', 'https://img.dmallcdn.com/20180906/ed5a3f4e-8caa-4b76-b3b2-3cf636d03aa0_240x240H', '["https://img.dmallcdn.com/20180906/ed5a3f4e-8caa-4b76-b3b2-3cf636d03aa0_240x240H","https://img.dmallcdn.com/20180906/ed5a3f4e-8caa-4b76-b3b2-3cf636d03aa0_240x240H","https://img.dmallcdn.com/20180906/ed5a3f4e-8caa-4b76-b3b2-3cf636d03aa0_240x240H","https://img.dmallcdn.com/20180906/ed5a3f4e-8caa-4b76-b3b2-3cf636d03aa0_240x240H"]', 6.90, 6.90, 11341, 0, '<img src="https://img.dmallcdn.com/20180808/2ff402b1-cf38-4354-957d-303d4b0c373d_m640" alt="" /> ↵<img src="https://img.dmallcdn.com/20180808/fd48ab65-da49-4c9a-8e6d-cc2a4a268bf5_m640" alt="" /> ↵<img src="https://img.dmallcdn.com/20180808/69426373-def6-457a-82a9-a1e83672b932_m640" alt="" /> ↵<img src="https://img.dmallcdn.com/20180808/48d45c6b-44ab-4697-bf49-3aaae0db5b97_m640" alt="" /> ↵<img src="https://img.dmallcdn.com/20180808/d0eab65e-bb25-4e2d-b900-616f02b9d358_m640" alt="" /> ↵<img src="https://img.dmallcdn.com/20180808/7fb03868-7ebe-4d5f-8cbb-d1009b2c24b0_m640" alt="" /> ↵<img src="https://img.dmallcdn.com/20180808/681446cc-c8cc-4381-b89e-db8247fd22dc_m640" alt="" /> ↵<img src="https://img.dmallcdn.com/20180808/fc7afea4-f45e-4d56-963f-482385986979_m640" alt="" /> ↵<img src="https://img.dmallcdn.com/20180808/5e45549c-b902-4f80-ba78-cbff488c270d_m640" alt="" /> ↵<br /><p><img src="https://img.dmallcdn.com//20180408/38fb0f09-bd05-4302-9519-331d4dcf7752_m640" alt="" /></p>', '[{"key":"类别","value":"其他"},{"key":"包装","value":"呆滞状"}]', 115),
	(21, '香芹【袋】 约300g', 'https://img.dmallcdn.com/20180627/701ee443-44d4-4a25-a9ce-94c98ac48aa4_240x240H', '["https://img.dmallcdn.com/20180627/701ee443-44d4-4a25-a9ce-94c98ac48aa4_240x240H","https://img.dmallcdn.com/20180627/701ee443-44d4-4a25-a9ce-94c98ac48aa4_240x240H","https://img.dmallcdn.com/20180627/701ee443-44d4-4a25-a9ce-94c98ac48aa4_240x240H","https://img.dmallcdn.com/20180627/701ee443-44d4-4a25-a9ce-94c98ac48aa4_240x240H"]', 3.90, 3.90, 11341, 6425, '<img src="https://img.dmallcdn.com/20180808/2ff402b1-cf38-4354-957d-303d4b0c373d_m640" alt="" /> ↵<img src="https://img.dmallcdn.com/20180808/fd48ab65-da49-4c9a-8e6d-cc2a4a268bf5_m640" alt="" /> ↵<img src="https://img.dmallcdn.com/20180808/69426373-def6-457a-82a9-a1e83672b932_m640" alt="" /> ↵<img src="https://img.dmallcdn.com/20180808/48d45c6b-44ab-4697-bf49-3aaae0db5b97_m640" alt="" /> ↵<img src="https://img.dmallcdn.com/20180808/d0eab65e-bb25-4e2d-b900-616f02b9d358_m640" alt="" /> ↵<img src="https://img.dmallcdn.com/20180808/7fb03868-7ebe-4d5f-8cbb-d1009b2c24b0_m640" alt="" /> ↵<img src="https://img.dmallcdn.com/20180808/681446cc-c8cc-4381-b89e-db8247fd22dc_m640" alt="" /> ↵<img src="https://img.dmallcdn.com/20180808/fc7afea4-f45e-4d56-963f-482385986979_m640" alt="" /> ↵<img src="https://img.dmallcdn.com/20180808/5e45549c-b902-4f80-ba78-cbff488c270d_m640" alt="" /> ↵<br /><p><img src="https://img.dmallcdn.com//20180408/38fb0f09-bd05-4302-9519-331d4dcf7752_m640" alt="" /></p>', '[{"key":"类别","value":"其他"},{"key":"包装","value":"呆滞状"}]', 115),
	(22, '香菜【袋】 约100g', 'https://img.dmallcdn.com/20180917/b009d626-43d2-4a93-b0d5-84ac9a49caa1_240x240H', '["https://img.dmallcdn.com/20180917/b009d626-43d2-4a93-b0d5-84ac9a49caa1_240x240H","https://img.dmallcdn.com/20180917/b009d626-43d2-4a93-b0d5-84ac9a49caa1_240x240H","https://img.dmallcdn.com/20180917/b009d626-43d2-4a93-b0d5-84ac9a49caa1_240x240H","https://img.dmallcdn.com/20180917/b009d626-43d2-4a93-b0d5-84ac9a49caa1_240x240H"]', 1.90, 1.90, 11341, 23, '<img src="https://img.dmallcdn.com/20180808/2ff402b1-cf38-4354-957d-303d4b0c373d_m640" alt="" /> ↵<img src="https://img.dmallcdn.com/20180808/fd48ab65-da49-4c9a-8e6d-cc2a4a268bf5_m640" alt="" /> ↵<img src="https://img.dmallcdn.com/20180808/69426373-def6-457a-82a9-a1e83672b932_m640" alt="" /> ↵<img src="https://img.dmallcdn.com/20180808/48d45c6b-44ab-4697-bf49-3aaae0db5b97_m640" alt="" /> ↵<img src="https://img.dmallcdn.com/20180808/d0eab65e-bb25-4e2d-b900-616f02b9d358_m640" alt="" /> ↵<img src="https://img.dmallcdn.com/20180808/7fb03868-7ebe-4d5f-8cbb-d1009b2c24b0_m640" alt="" /> ↵<img src="https://img.dmallcdn.com/20180808/681446cc-c8cc-4381-b89e-db8247fd22dc_m640" alt="" /> ↵<img src="https://img.dmallcdn.com/20180808/fc7afea4-f45e-4d56-963f-482385986979_m640" alt="" /> ↵<img src="https://img.dmallcdn.com/20180808/5e45549c-b902-4f80-ba78-cbff488c270d_m640" alt="" /> ↵<br /><p><img src="https://img.dmallcdn.com//20180408/38fb0f09-bd05-4302-9519-331d4dcf7752_m640" alt="" /></p>', '[{"key":"类别","value":"其他"},{"key":"包装","value":"呆滞状"}]', 115),
	(23, '莴笋 约900g', 'https://img.dmallcdn.com/20181016/62a3ad79-83b1-48d5-8ba0-4b7f30570059_240x240H', '["https://img.dmallcdn.com/20181016/62a3ad79-83b1-48d5-8ba0-4b7f30570059_240x240H","https://img.dmallcdn.com/20181016/62a3ad79-83b1-48d5-8ba0-4b7f30570059_240x240H","https://img.dmallcdn.com/20181016/62a3ad79-83b1-48d5-8ba0-4b7f30570059_240x240H","https://img.dmallcdn.com/20181016/62a3ad79-83b1-48d5-8ba0-4b7f30570059_240x240H"]', 4.09, 4.09, 11341, 2643, '<img src="https://img.dmallcdn.com/20180808/2ff402b1-cf38-4354-957d-303d4b0c373d_m640" alt="" /> ↵<img src="https://img.dmallcdn.com/20180808/fd48ab65-da49-4c9a-8e6d-cc2a4a268bf5_m640" alt="" /> ↵<img src="https://img.dmallcdn.com/20180808/69426373-def6-457a-82a9-a1e83672b932_m640" alt="" /> ↵<img src="https://img.dmallcdn.com/20180808/48d45c6b-44ab-4697-bf49-3aaae0db5b97_m640" alt="" /> ↵<img src="https://img.dmallcdn.com/20180808/d0eab65e-bb25-4e2d-b900-616f02b9d358_m640" alt="" /> ↵<img src="https://img.dmallcdn.com/20180808/7fb03868-7ebe-4d5f-8cbb-d1009b2c24b0_m640" alt="" /> ↵<img src="https://img.dmallcdn.com/20180808/681446cc-c8cc-4381-b89e-db8247fd22dc_m640" alt="" /> ↵<img src="https://img.dmallcdn.com/20180808/fc7afea4-f45e-4d56-963f-482385986979_m640" alt="" /> ↵<img src="https://img.dmallcdn.com/20180808/5e45549c-b902-4f80-ba78-cbff488c270d_m640" alt="" /> ↵<br /><p><img src="https://img.dmallcdn.com//20180408/38fb0f09-bd05-4302-9519-331d4dcf7752_m640" alt="" /></p>', '[{"key":"类别","value":"其他"},{"key":"包装","value":"呆滞状"}]', 115),
	(24, '六鳌沙地红心蜜薯【精】 约1kg', 'https://img.dmallcdn.com/20181011/e0a0b2cd-72be-4f7d-9c8d-b64db62c1048_240x240H', '["https://img.dmallcdn.com/20181011/e0a0b2cd-72be-4f7d-9c8d-b64db62c1048_240x240H","https://img.dmallcdn.com/20181011/e0a0b2cd-72be-4f7d-9c8d-b64db62c1048_240x240H","https://img.dmallcdn.com/20181011/e0a0b2cd-72be-4f7d-9c8d-b64db62c1048_240x240H","https://img.dmallcdn.com/20181011/e0a0b2cd-72be-4f7d-9c8d-b64db62c1048_240x240H"]', 6.90, 6.90, 11341, 0, '<img src="https://img.dmallcdn.com/20180808/2ff402b1-cf38-4354-957d-303d4b0c373d_m640" alt="" /> ↵<img src="https://img.dmallcdn.com/20180808/fd48ab65-da49-4c9a-8e6d-cc2a4a268bf5_m640" alt="" /> ↵<img src="https://img.dmallcdn.com/20180808/69426373-def6-457a-82a9-a1e83672b932_m640" alt="" /> ↵<img src="https://img.dmallcdn.com/20180808/48d45c6b-44ab-4697-bf49-3aaae0db5b97_m640" alt="" /> ↵<img src="https://img.dmallcdn.com/20180808/d0eab65e-bb25-4e2d-b900-616f02b9d358_m640" alt="" /> ↵<img src="https://img.dmallcdn.com/20180808/7fb03868-7ebe-4d5f-8cbb-d1009b2c24b0_m640" alt="" /> ↵<img src="https://img.dmallcdn.com/20180808/681446cc-c8cc-4381-b89e-db8247fd22dc_m640" alt="" /> ↵<img src="https://img.dmallcdn.com/20180808/fc7afea4-f45e-4d56-963f-482385986979_m640" alt="" /> ↵<img src="https://img.dmallcdn.com/20180808/5e45549c-b902-4f80-ba78-cbff488c270d_m640" alt="" /> ↵<br /><p><img src="https://img.dmallcdn.com//20180408/38fb0f09-bd05-4302-9519-331d4dcf7752_m640" alt="" /></p>', '[{"key":"类别","value":"其他"},{"key":"包装","value":"呆滞状"}]', 115),
	(25, '快菜【袋】 约350g', 'https://img.dmallcdn.com/20180911/a7a12a41-cc34-48d6-9d2d-327815ae6b78_240x240H', '["https://img.dmallcdn.com/20180911/a7a12a41-cc34-48d6-9d2d-327815ae6b78_240x240H","https://img.dmallcdn.com/20180911/a7a12a41-cc34-48d6-9d2d-327815ae6b78_240x240H","https://img.dmallcdn.com/20180911/a7a12a41-cc34-48d6-9d2d-327815ae6b78_240x240H","https://img.dmallcdn.com/20180911/a7a12a41-cc34-48d6-9d2d-327815ae6b78_240x240H"]', 2.90, 2.90, 11341, 253, '<img src="https://img.dmallcdn.com/20180808/2ff402b1-cf38-4354-957d-303d4b0c373d_m640" alt="" /> ↵<img src="https://img.dmallcdn.com/20180808/fd48ab65-da49-4c9a-8e6d-cc2a4a268bf5_m640" alt="" /> ↵<img src="https://img.dmallcdn.com/20180808/69426373-def6-457a-82a9-a1e83672b932_m640" alt="" /> ↵<img src="https://img.dmallcdn.com/20180808/48d45c6b-44ab-4697-bf49-3aaae0db5b97_m640" alt="" /> ↵<img src="https://img.dmallcdn.com/20180808/d0eab65e-bb25-4e2d-b900-616f02b9d358_m640" alt="" /> ↵<img src="https://img.dmallcdn.com/20180808/7fb03868-7ebe-4d5f-8cbb-d1009b2c24b0_m640" alt="" /> ↵<img src="https://img.dmallcdn.com/20180808/681446cc-c8cc-4381-b89e-db8247fd22dc_m640" alt="" /> ↵<img src="https://img.dmallcdn.com/20180808/fc7afea4-f45e-4d56-963f-482385986979_m640" alt="" /> ↵<img src="https://img.dmallcdn.com/20180808/5e45549c-b902-4f80-ba78-cbff488c270d_m640" alt="" /> ↵<br /><p><img src="https://img.dmallcdn.com//20180408/38fb0f09-bd05-4302-9519-331d4dcf7752_m640" alt="" /></p>', '[{"key":"类别","value":"其他"},{"key":"包装","value":"呆滞状"}]', 115),
	(26, '韭菜【袋】 约350g', 'https://img.dmallcdn.com/20180911/9cebfdc3-af68-4f34-9dfb-182e6405951f_240x240H', '["https://img.dmallcdn.com/20180911/9cebfdc3-af68-4f34-9dfb-182e6405951f_240x240H","https://img.dmallcdn.com/20180911/9cebfdc3-af68-4f34-9dfb-182e6405951f_240x240H","https://img.dmallcdn.com/20180911/9cebfdc3-af68-4f34-9dfb-182e6405951f_240x240H","https://img.dmallcdn.com/20180911/9cebfdc3-af68-4f34-9dfb-182e6405951f_240x240H"]', 3.90, 3.90, 11341, 5365, '<img src="https://img.dmallcdn.com/20180808/2ff402b1-cf38-4354-957d-303d4b0c373d_m640" alt="" /> ↵<img src="https://img.dmallcdn.com/20180808/fd48ab65-da49-4c9a-8e6d-cc2a4a268bf5_m640" alt="" /> ↵<img src="https://img.dmallcdn.com/20180808/69426373-def6-457a-82a9-a1e83672b932_m640" alt="" /> ↵<img src="https://img.dmallcdn.com/20180808/48d45c6b-44ab-4697-bf49-3aaae0db5b97_m640" alt="" /> ↵<img src="https://img.dmallcdn.com/20180808/d0eab65e-bb25-4e2d-b900-616f02b9d358_m640" alt="" /> ↵<img src="https://img.dmallcdn.com/20180808/7fb03868-7ebe-4d5f-8cbb-d1009b2c24b0_m640" alt="" /> ↵<img src="https://img.dmallcdn.com/20180808/681446cc-c8cc-4381-b89e-db8247fd22dc_m640" alt="" /> ↵<img src="https://img.dmallcdn.com/20180808/fc7afea4-f45e-4d56-963f-482385986979_m640" alt="" /> ↵<img src="https://img.dmallcdn.com/20180808/5e45549c-b902-4f80-ba78-cbff488c270d_m640" alt="" /> ↵<br /><p><img src="https://img.dmallcdn.com//20180408/38fb0f09-bd05-4302-9519-331d4dcf7752_m640" alt="" /></p>', '[{"key":"类别","value":"其他"},{"key":"包装","value":"呆滞状"}]', 115),
	(27, '胡萝卜【精】 约500g', 'https://img.dmallcdn.com/20180906/16110980-1f1c-40fc-8b54-88a379047b2a_240x240H', '["https://img.dmallcdn.com/20180906/16110980-1f1c-40fc-8b54-88a379047b2a_240x240H","https://img.dmallcdn.com/20180906/16110980-1f1c-40fc-8b54-88a379047b2a_240x240H","https://img.dmallcdn.com/20180906/16110980-1f1c-40fc-8b54-88a379047b2a_240x240H","https://img.dmallcdn.com/20180906/16110980-1f1c-40fc-8b54-88a379047b2a_240x240H"]', 2.90, 2.90, 11341, 65234, '<img src="https://img.dmallcdn.com/20180808/2ff402b1-cf38-4354-957d-303d4b0c373d_m640" alt="" /> ↵<img src="https://img.dmallcdn.com/20180808/fd48ab65-da49-4c9a-8e6d-cc2a4a268bf5_m640" alt="" /> ↵<img src="https://img.dmallcdn.com/20180808/69426373-def6-457a-82a9-a1e83672b932_m640" alt="" /> ↵<img src="https://img.dmallcdn.com/20180808/48d45c6b-44ab-4697-bf49-3aaae0db5b97_m640" alt="" /> ↵<img src="https://img.dmallcdn.com/20180808/d0eab65e-bb25-4e2d-b900-616f02b9d358_m640" alt="" /> ↵<img src="https://img.dmallcdn.com/20180808/7fb03868-7ebe-4d5f-8cbb-d1009b2c24b0_m640" alt="" /> ↵<img src="https://img.dmallcdn.com/20180808/681446cc-c8cc-4381-b89e-db8247fd22dc_m640" alt="" /> ↵<img src="https://img.dmallcdn.com/20180808/fc7afea4-f45e-4d56-963f-482385986979_m640" alt="" /> ↵<img src="https://img.dmallcdn.com/20180808/5e45549c-b902-4f80-ba78-cbff488c270d_m640" alt="" /> ↵<br /><p><img src="https://img.dmallcdn.com//20180408/38fb0f09-bd05-4302-9519-331d4dcf7752_m640" alt="" /></p>', '[{"key":"类别","value":"其他"},{"key":"包装","value":"呆滞状"}]', 115),
	(28, '蒜黄【精】 约300g', 'https://img.dmallcdn.com/20190930/258835dd-4952-4724-a42e-54a045f66d00_240x240H', '["https://img.dmallcdn.com/20190930/258835dd-4952-4724-a42e-54a045f66d00_240x240H","https://img.dmallcdn.com/20190930/258835dd-4952-4724-a42e-54a045f66d00_240x240H","https://img.dmallcdn.com/20190930/258835dd-4952-4724-a42e-54a045f66d00_240x240H","https://img.dmallcdn.com/20190930/258835dd-4952-4724-a42e-54a045f66d00_240x240H"]', 5.90, 5.90, 11341, 0, '<img src="https://img.dmallcdn.com/20180808/2ff402b1-cf38-4354-957d-303d4b0c373d_m640" alt="" /> ↵<img src="https://img.dmallcdn.com/20180808/fd48ab65-da49-4c9a-8e6d-cc2a4a268bf5_m640" alt="" /> ↵<img src="https://img.dmallcdn.com/20180808/69426373-def6-457a-82a9-a1e83672b932_m640" alt="" /> ↵<img src="https://img.dmallcdn.com/20180808/48d45c6b-44ab-4697-bf49-3aaae0db5b97_m640" alt="" /> ↵<img src="https://img.dmallcdn.com/20180808/d0eab65e-bb25-4e2d-b900-616f02b9d358_m640" alt="" /> ↵<img src="https://img.dmallcdn.com/20180808/7fb03868-7ebe-4d5f-8cbb-d1009b2c24b0_m640" alt="" /> ↵<img src="https://img.dmallcdn.com/20180808/681446cc-c8cc-4381-b89e-db8247fd22dc_m640" alt="" /> ↵<img src="https://img.dmallcdn.com/20180808/fc7afea4-f45e-4d56-963f-482385986979_m640" alt="" /> ↵<img src="https://img.dmallcdn.com/20180808/5e45549c-b902-4f80-ba78-cbff488c270d_m640" alt="" /> ↵<br /><p><img src="https://img.dmallcdn.com//20180408/38fb0f09-bd05-4302-9519-331d4dcf7752_m640" alt="" /></p>', '[{"key":"类别","value":"其他"},{"key":"包装","value":"呆滞状"}]', 115),
	(29, '苦瓜1包【精】 约450g', 'https://img.dmallcdn.com/20180718/5b2b7d71-8bce-4550-89e7-09fc345f730c_240x240H', '["https://img.dmallcdn.com/20180718/5b2b7d71-8bce-4550-89e7-09fc345f730c_240x240H","https://img.dmallcdn.com/20180718/5b2b7d71-8bce-4550-89e7-09fc345f730c_240x240H","https://img.dmallcdn.com/20180718/5b2b7d71-8bce-4550-89e7-09fc345f730c_240x240H","https://img.dmallcdn.com/20180718/5b2b7d71-8bce-4550-89e7-09fc345f730c_240x240H"]', 5.90, 5.90, 11341, 0, '<img src="https://img.dmallcdn.com/20180808/2ff402b1-cf38-4354-957d-303d4b0c373d_m640" alt="" /> ↵<img src="https://img.dmallcdn.com/20180808/fd48ab65-da49-4c9a-8e6d-cc2a4a268bf5_m640" alt="" /> ↵<img src="https://img.dmallcdn.com/20180808/69426373-def6-457a-82a9-a1e83672b932_m640" alt="" /> ↵<img src="https://img.dmallcdn.com/20180808/48d45c6b-44ab-4697-bf49-3aaae0db5b97_m640" alt="" /> ↵<img src="https://img.dmallcdn.com/20180808/d0eab65e-bb25-4e2d-b900-616f02b9d358_m640" alt="" /> ↵<img src="https://img.dmallcdn.com/20180808/7fb03868-7ebe-4d5f-8cbb-d1009b2c24b0_m640" alt="" /> ↵<img src="https://img.dmallcdn.com/20180808/681446cc-c8cc-4381-b89e-db8247fd22dc_m640" alt="" /> ↵<img src="https://img.dmallcdn.com/20180808/fc7afea4-f45e-4d56-963f-482385986979_m640" alt="" /> ↵<img src="https://img.dmallcdn.com/20180808/5e45549c-b902-4f80-ba78-cbff488c270d_m640" alt="" /> ↵<br /><p><img src="https://img.dmallcdn.com//20180408/38fb0f09-bd05-4302-9519-331d4dcf7752_m640" alt="" /></p>', '[{"key":"类别","value":"其他"},{"key":"包装","value":"呆滞状"}]', 115),
	(30, '豆腐丝 约300g', 'https://img.dmallcdn.com/20190730/0b30762a-147a-4f26-97ce-339b9b56ff08_240x240H', '["https://img.dmallcdn.com/20190730/0b30762a-147a-4f26-97ce-339b9b56ff08_240x240H","https://img.dmallcdn.com/20190730/0b30762a-147a-4f26-97ce-339b9b56ff08_240x240H","https://img.dmallcdn.com/20190730/0b30762a-147a-4f26-97ce-339b9b56ff08_240x240H","https://img.dmallcdn.com/20190730/0b30762a-147a-4f26-97ce-339b9b56ff08_240x240H"]', 6.17, 6.17, 11341, 0, '<img src="https://img.dmallcdn.com/20180808/2ff402b1-cf38-4354-957d-303d4b0c373d_m640" alt="" /> ↵<img src="https://img.dmallcdn.com/20180808/fd48ab65-da49-4c9a-8e6d-cc2a4a268bf5_m640" alt="" /> ↵<img src="https://img.dmallcdn.com/20180808/69426373-def6-457a-82a9-a1e83672b932_m640" alt="" /> ↵<img src="https://img.dmallcdn.com/20180808/48d45c6b-44ab-4697-bf49-3aaae0db5b97_m640" alt="" /> ↵<img src="https://img.dmallcdn.com/20180808/d0eab65e-bb25-4e2d-b900-616f02b9d358_m640" alt="" /> ↵<img src="https://img.dmallcdn.com/20180808/7fb03868-7ebe-4d5f-8cbb-d1009b2c24b0_m640" alt="" /> ↵<img src="https://img.dmallcdn.com/20180808/681446cc-c8cc-4381-b89e-db8247fd22dc_m640" alt="" /> ↵<img src="https://img.dmallcdn.com/20180808/fc7afea4-f45e-4d56-963f-482385986979_m640" alt="" /> ↵<img src="https://img.dmallcdn.com/20180808/5e45549c-b902-4f80-ba78-cbff488c270d_m640" alt="" /> ↵<br /><p><img src="https://img.dmallcdn.com//20180408/38fb0f09-bd05-4302-9519-331d4dcf7752_m640" alt="" /></p>', '[{"key":"类别","value":"其他"},{"key":"包装","value":"呆滞状"}]', 115),
	(31, '香葱【袋】 约150g', 'https://img.dmallcdn.com/20180917/735873d8-fc21-46ea-accc-89fbdc24e0d8_240x240H', '["https://img.dmallcdn.com/20180917/735873d8-fc21-46ea-accc-89fbdc24e0d8_240x240H","https://img.dmallcdn.com/20180917/735873d8-fc21-46ea-accc-89fbdc24e0d8_240x240H","https://img.dmallcdn.com/20180917/735873d8-fc21-46ea-accc-89fbdc24e0d8_240x240H","https://img.dmallcdn.com/20180917/735873d8-fc21-46ea-accc-89fbdc24e0d8_240x240H"]', 2.90, 2.90, 11341, 3434, '<img src="https://img.dmallcdn.com/20180808/2ff402b1-cf38-4354-957d-303d4b0c373d_m640" alt="" /> ↵<img src="https://img.dmallcdn.com/20180808/fd48ab65-da49-4c9a-8e6d-cc2a4a268bf5_m640" alt="" /> ↵<img src="https://img.dmallcdn.com/20180808/69426373-def6-457a-82a9-a1e83672b932_m640" alt="" /> ↵<img src="https://img.dmallcdn.com/20180808/48d45c6b-44ab-4697-bf49-3aaae0db5b97_m640" alt="" /> ↵<img src="https://img.dmallcdn.com/20180808/d0eab65e-bb25-4e2d-b900-616f02b9d358_m640" alt="" /> ↵<img src="https://img.dmallcdn.com/20180808/7fb03868-7ebe-4d5f-8cbb-d1009b2c24b0_m640" alt="" /> ↵<img src="https://img.dmallcdn.com/20180808/681446cc-c8cc-4381-b89e-db8247fd22dc_m640" alt="" /> ↵<img src="https://img.dmallcdn.com/20180808/fc7afea4-f45e-4d56-963f-482385986979_m640" alt="" /> ↵<img src="https://img.dmallcdn.com/20180808/5e45549c-b902-4f80-ba78-cbff488c270d_m640" alt="" /> ↵<br /><p><img src="https://img.dmallcdn.com//20180408/38fb0f09-bd05-4302-9519-331d4dcf7752_m640" alt="" /></p>', '[{"key":"类别","value":"其他"},{"key":"包装","value":"呆滞状"}]', 115),
	(32, '黄瓜【精】 约600g', 'https://img.dmallcdn.com/20180906/7f975581-e27a-49b4-a1aa-585f30e64c11_240x240H', '["https://img.dmallcdn.com/20180906/7f975581-e27a-49b4-a1aa-585f30e64c11_240x240H","https://img.dmallcdn.com/20180906/7f975581-e27a-49b4-a1aa-585f30e64c11_240x240H","https://img.dmallcdn.com/20180906/7f975581-e27a-49b4-a1aa-585f30e64c11_240x240H","https://img.dmallcdn.com/20180906/7f975581-e27a-49b4-a1aa-585f30e64c11_240x240H"]', 7.90, 7.90, 11341, 0, '<img src="https://img.dmallcdn.com/20180808/2ff402b1-cf38-4354-957d-303d4b0c373d_m640" alt="" /> ↵<img src="https://img.dmallcdn.com/20180808/fd48ab65-da49-4c9a-8e6d-cc2a4a268bf5_m640" alt="" /> ↵<img src="https://img.dmallcdn.com/20180808/69426373-def6-457a-82a9-a1e83672b932_m640" alt="" /> ↵<img src="https://img.dmallcdn.com/20180808/48d45c6b-44ab-4697-bf49-3aaae0db5b97_m640" alt="" /> ↵<img src="https://img.dmallcdn.com/20180808/d0eab65e-bb25-4e2d-b900-616f02b9d358_m640" alt="" /> ↵<img src="https://img.dmallcdn.com/20180808/7fb03868-7ebe-4d5f-8cbb-d1009b2c24b0_m640" alt="" /> ↵<img src="https://img.dmallcdn.com/20180808/681446cc-c8cc-4381-b89e-db8247fd22dc_m640" alt="" /> ↵<img src="https://img.dmallcdn.com/20180808/fc7afea4-f45e-4d56-963f-482385986979_m640" alt="" /> ↵<img src="https://img.dmallcdn.com/20180808/5e45549c-b902-4f80-ba78-cbff488c270d_m640" alt="" /> ↵<br /><p><img src="https://img.dmallcdn.com//20180408/38fb0f09-bd05-4302-9519-331d4dcf7752_m640" alt="" /></p>', '[{"key":"类别","value":"其他"},{"key":"包装","value":"呆滞状"}]', 115),
	(33, '蒜头【精】 约400g', 'https://img.dmallcdn.com/20190404/6ce0dc9b-e53a-4463-a1db-5de90ed21d26_240x240H', '["https://img.dmallcdn.com/20190404/6ce0dc9b-e53a-4463-a1db-5de90ed21d26_240x240H","https://img.dmallcdn.com/20190404/6ce0dc9b-e53a-4463-a1db-5de90ed21d26_240x240H","https://img.dmallcdn.com/20190404/6ce0dc9b-e53a-4463-a1db-5de90ed21d26_240x240H","https://img.dmallcdn.com/20190404/6ce0dc9b-e53a-4463-a1db-5de90ed21d26_240x240H"]', 8.90, 8.90, 11341, 0, '<img src="https://img.dmallcdn.com/20180808/2ff402b1-cf38-4354-957d-303d4b0c373d_m640" alt="" /> ↵<img src="https://img.dmallcdn.com/20180808/fd48ab65-da49-4c9a-8e6d-cc2a4a268bf5_m640" alt="" /> ↵<img src="https://img.dmallcdn.com/20180808/69426373-def6-457a-82a9-a1e83672b932_m640" alt="" /> ↵<img src="https://img.dmallcdn.com/20180808/48d45c6b-44ab-4697-bf49-3aaae0db5b97_m640" alt="" /> ↵<img src="https://img.dmallcdn.com/20180808/d0eab65e-bb25-4e2d-b900-616f02b9d358_m640" alt="" /> ↵<img src="https://img.dmallcdn.com/20180808/7fb03868-7ebe-4d5f-8cbb-d1009b2c24b0_m640" alt="" /> ↵<img src="https://img.dmallcdn.com/20180808/681446cc-c8cc-4381-b89e-db8247fd22dc_m640" alt="" /> ↵<img src="https://img.dmallcdn.com/20180808/fc7afea4-f45e-4d56-963f-482385986979_m640" alt="" /> ↵<img src="https://img.dmallcdn.com/20180808/5e45549c-b902-4f80-ba78-cbff488c270d_m640" alt="" /> ↵<br /><p><img src="https://img.dmallcdn.com//20180408/38fb0f09-bd05-4302-9519-331d4dcf7752_m640" alt="" /></p>', '[{"key":"类别","value":"其他"},{"key":"包装","value":"呆滞状"}]', 115),
	(34, '金红冠南瓜【精】 约1kg/1个', 'https://img.dmallcdn.com/20180911/d8cb5423-92c1-4f57-a2ce-7df5511cd4c5_240x240H', '["https://img.dmallcdn.com/20180911/d8cb5423-92c1-4f57-a2ce-7df5511cd4c5_240x240H","https://img.dmallcdn.com/20180911/d8cb5423-92c1-4f57-a2ce-7df5511cd4c5_240x240H","https://img.dmallcdn.com/20180911/d8cb5423-92c1-4f57-a2ce-7df5511cd4c5_240x240H","https://img.dmallcdn.com/20180911/d8cb5423-92c1-4f57-a2ce-7df5511cd4c5_240x240H"]', 3.90, 3.90, 11341, 325, '<img src="https://img.dmallcdn.com/20180808/2ff402b1-cf38-4354-957d-303d4b0c373d_m640" alt="" /> ↵<img src="https://img.dmallcdn.com/20180808/fd48ab65-da49-4c9a-8e6d-cc2a4a268bf5_m640" alt="" /> ↵<img src="https://img.dmallcdn.com/20180808/69426373-def6-457a-82a9-a1e83672b932_m640" alt="" /> ↵<img src="https://img.dmallcdn.com/20180808/48d45c6b-44ab-4697-bf49-3aaae0db5b97_m640" alt="" /> ↵<img src="https://img.dmallcdn.com/20180808/d0eab65e-bb25-4e2d-b900-616f02b9d358_m640" alt="" /> ↵<img src="https://img.dmallcdn.com/20180808/7fb03868-7ebe-4d5f-8cbb-d1009b2c24b0_m640" alt="" /> ↵<img src="https://img.dmallcdn.com/20180808/681446cc-c8cc-4381-b89e-db8247fd22dc_m640" alt="" /> ↵<img src="https://img.dmallcdn.com/20180808/fc7afea4-f45e-4d56-963f-482385986979_m640" alt="" /> ↵<img src="https://img.dmallcdn.com/20180808/5e45549c-b902-4f80-ba78-cbff488c270d_m640" alt="" /> ↵<br /><p><img src="https://img.dmallcdn.com//20180408/38fb0f09-bd05-4302-9519-331d4dcf7752_m640" alt="" /></p>', '[{"key":"类别","value":"其他"},{"key":"包装","value":"呆滞状"}]', 115),
	(36, '青椒【精】 约350g', 'https://img.dmallcdn.com/20180906/fcda23a1-09ed-43e9-8adb-8619427ec631_240x240H', '["https://img.dmallcdn.com/20180906/fcda23a1-09ed-43e9-8adb-8619427ec631_240x240H","https://img.dmallcdn.com/20180906/fcda23a1-09ed-43e9-8adb-8619427ec631_240x240H","https://img.dmallcdn.com/20180906/fcda23a1-09ed-43e9-8adb-8619427ec631_240x240H","https://img.dmallcdn.com/20180906/fcda23a1-09ed-43e9-8adb-8619427ec631_240x240H"]', 3.90, 3.90, NULL, 6363, '<img src="https://img.dmallcdn.com/20180808/2ff402b1-cf38-4354-957d-303d4b0c373d_m640" alt="" /> ↵<img src="https://img.dmallcdn.com/20180808/fd48ab65-da49-4c9a-8e6d-cc2a4a268bf5_m640" alt="" /> ↵<img src="https://img.dmallcdn.com/20180808/69426373-def6-457a-82a9-a1e83672b932_m640" alt="" /> ↵<img src="https://img.dmallcdn.com/20180808/48d45c6b-44ab-4697-bf49-3aaae0db5b97_m640" alt="" /> ↵<img src="https://img.dmallcdn.com/20180808/d0eab65e-bb25-4e2d-b900-616f02b9d358_m640" alt="" /> ↵<img src="https://img.dmallcdn.com/20180808/7fb03868-7ebe-4d5f-8cbb-d1009b2c24b0_m640" alt="" /> ↵<img src="https://img.dmallcdn.com/20180808/681446cc-c8cc-4381-b89e-db8247fd22dc_m640" alt="" /> ↵<img src="https://img.dmallcdn.com/20180808/fc7afea4-f45e-4d56-963f-482385986979_m640" alt="" /> ↵<img src="https://img.dmallcdn.com/20180808/5e45549c-b902-4f80-ba78-cbff488c270d_m640" alt="" /> ↵<br /><p><img src="https://img.dmallcdn.com//20180408/38fb0f09-bd05-4302-9519-331d4dcf7752_m640" alt="" /></p>', '[{"key":"类别","value":"其他"},{"key":"包装","value":"呆滞状"}]', 115),
	(37, '龙椒【精】 约200g', 'https://img.dmallcdn.com/20190320/8d4a8252-267e-473b-a6d7-ac4f31581e71_240x240H', '["https://img.dmallcdn.com/20190320/8d4a8252-267e-473b-a6d7-ac4f31581e71_240x240H","https://img.dmallcdn.com/20190320/8d4a8252-267e-473b-a6d7-ac4f31581e71_240x240H","https://img.dmallcdn.com/20190320/8d4a8252-267e-473b-a6d7-ac4f31581e71_240x240H","https://img.dmallcdn.com/20190320/8d4a8252-267e-473b-a6d7-ac4f31581e71_240x240H"]', 4.90, 4.90, NULL, 0, '<img src="https://img.dmallcdn.com/20180808/2ff402b1-cf38-4354-957d-303d4b0c373d_m640" alt="" /> ↵<img src="https://img.dmallcdn.com/20180808/fd48ab65-da49-4c9a-8e6d-cc2a4a268bf5_m640" alt="" /> ↵<img src="https://img.dmallcdn.com/20180808/69426373-def6-457a-82a9-a1e83672b932_m640" alt="" /> ↵<img src="https://img.dmallcdn.com/20180808/48d45c6b-44ab-4697-bf49-3aaae0db5b97_m640" alt="" /> ↵<img src="https://img.dmallcdn.com/20180808/d0eab65e-bb25-4e2d-b900-616f02b9d358_m640" alt="" /> ↵<img src="https://img.dmallcdn.com/20180808/7fb03868-7ebe-4d5f-8cbb-d1009b2c24b0_m640" alt="" /> ↵<img src="https://img.dmallcdn.com/20180808/681446cc-c8cc-4381-b89e-db8247fd22dc_m640" alt="" /> ↵<img src="https://img.dmallcdn.com/20180808/fc7afea4-f45e-4d56-963f-482385986979_m640" alt="" /> ↵<img src="https://img.dmallcdn.com/20180808/5e45549c-b902-4f80-ba78-cbff488c270d_m640" alt="" /> ↵<br /><p><img src="https://img.dmallcdn.com//20180408/38fb0f09-bd05-4302-9519-331d4dcf7752_m640" alt="" /></p>', '[{"key":"类别","value":"其他"},{"key":"包装","value":"呆滞状"}]', 115),
	(38, '豇豆【精】 约350g', 'https://img.dmallcdn.com/20190716/c7c1f385-9187-4b83-b08a-139e18d57798_240x240H', '["https://img.dmallcdn.com/20190716/c7c1f385-9187-4b83-b08a-139e18d57798_240x240H","https://img.dmallcdn.com/20190716/c7c1f385-9187-4b83-b08a-139e18d57798_240x240H","https://img.dmallcdn.com/20190716/c7c1f385-9187-4b83-b08a-139e18d57798_240x240H","https://img.dmallcdn.com/20190716/c7c1f385-9187-4b83-b08a-139e18d57798_240x240H"]', 6.90, 6.90, NULL, 0, '<img src="https://img.dmallcdn.com/20180808/2ff402b1-cf38-4354-957d-303d4b0c373d_m640" alt="" /> ↵<img src="https://img.dmallcdn.com/20180808/fd48ab65-da49-4c9a-8e6d-cc2a4a268bf5_m640" alt="" /> ↵<img src="https://img.dmallcdn.com/20180808/69426373-def6-457a-82a9-a1e83672b932_m640" alt="" /> ↵<img src="https://img.dmallcdn.com/20180808/48d45c6b-44ab-4697-bf49-3aaae0db5b97_m640" alt="" /> ↵<img src="https://img.dmallcdn.com/20180808/d0eab65e-bb25-4e2d-b900-616f02b9d358_m640" alt="" /> ↵<img src="https://img.dmallcdn.com/20180808/7fb03868-7ebe-4d5f-8cbb-d1009b2c24b0_m640" alt="" /> ↵<img src="https://img.dmallcdn.com/20180808/681446cc-c8cc-4381-b89e-db8247fd22dc_m640" alt="" /> ↵<img src="https://img.dmallcdn.com/20180808/fc7afea4-f45e-4d56-963f-482385986979_m640" alt="" /> ↵<img src="https://img.dmallcdn.com/20180808/5e45549c-b902-4f80-ba78-cbff488c270d_m640" alt="" /> ↵<br /><p><img src="https://img.dmallcdn.com//20180408/38fb0f09-bd05-4302-9519-331d4dcf7752_m640" alt="" /></p>', '[{"key":"类别","value":"其他"},{"key":"包装","value":"呆滞状"}]', 115),
	(39, '海鲜菇【精】 约150g', 'https://img.dmallcdn.com/20180615/eb2ae106-0347-4e92-9491-a73a1a44dc1a_240x240H', '["https://img.dmallcdn.com/20180615/eb2ae106-0347-4e92-9491-a73a1a44dc1a_240x240H","https://img.dmallcdn.com/20180615/eb2ae106-0347-4e92-9491-a73a1a44dc1a_240x240H","https://img.dmallcdn.com/20180615/eb2ae106-0347-4e92-9491-a73a1a44dc1a_240x240H","https://img.dmallcdn.com/20180615/eb2ae106-0347-4e92-9491-a73a1a44dc1a_240x240H"]', 5.90, 5.90, NULL, 0, '<img src="https://img.dmallcdn.com/20180808/2ff402b1-cf38-4354-957d-303d4b0c373d_m640" alt="" /> ↵<img src="https://img.dmallcdn.com/20180808/fd48ab65-da49-4c9a-8e6d-cc2a4a268bf5_m640" alt="" /> ↵<img src="https://img.dmallcdn.com/20180808/69426373-def6-457a-82a9-a1e83672b932_m640" alt="" /> ↵<img src="https://img.dmallcdn.com/20180808/48d45c6b-44ab-4697-bf49-3aaae0db5b97_m640" alt="" /> ↵<img src="https://img.dmallcdn.com/20180808/d0eab65e-bb25-4e2d-b900-616f02b9d358_m640" alt="" /> ↵<img src="https://img.dmallcdn.com/20180808/7fb03868-7ebe-4d5f-8cbb-d1009b2c24b0_m640" alt="" /> ↵<img src="https://img.dmallcdn.com/20180808/681446cc-c8cc-4381-b89e-db8247fd22dc_m640" alt="" /> ↵<img src="https://img.dmallcdn.com/20180808/fc7afea4-f45e-4d56-963f-482385986979_m640" alt="" /> ↵<img src="https://img.dmallcdn.com/20180808/5e45549c-b902-4f80-ba78-cbff488c270d_m640" alt="" /> ↵<br /><p><img src="https://img.dmallcdn.com//20180408/38fb0f09-bd05-4302-9519-331d4dcf7752_m640" alt="" /></p>', '[{"key":"类别","value":"其他"},{"key":"包装","value":"呆滞状"}]', 115),
	(40, '四季豆【盒】 约300g', 'https://img.dmallcdn.com/20180315/79a8ea11-bc5c-4fc0-b559-9c7f4ceb0802_240x240H', '["https://img.dmallcdn.com/20180315/79a8ea11-bc5c-4fc0-b559-9c7f4ceb0802_240x240H","https://img.dmallcdn.com/20180315/79a8ea11-bc5c-4fc0-b559-9c7f4ceb0802_240x240H","https://img.dmallcdn.com/20180315/79a8ea11-bc5c-4fc0-b559-9c7f4ceb0802_240x240H","https://img.dmallcdn.com/20180315/79a8ea11-bc5c-4fc0-b559-9c7f4ceb0802_240x240H"]', 6.80, 6.80, NULL, 0, '<img src="https://img.dmallcdn.com/20180808/2ff402b1-cf38-4354-957d-303d4b0c373d_m640" alt="" /> ↵<img src="https://img.dmallcdn.com/20180808/fd48ab65-da49-4c9a-8e6d-cc2a4a268bf5_m640" alt="" /> ↵<img src="https://img.dmallcdn.com/20180808/69426373-def6-457a-82a9-a1e83672b932_m640" alt="" /> ↵<img src="https://img.dmallcdn.com/20180808/48d45c6b-44ab-4697-bf49-3aaae0db5b97_m640" alt="" /> ↵<img src="https://img.dmallcdn.com/20180808/d0eab65e-bb25-4e2d-b900-616f02b9d358_m640" alt="" /> ↵<img src="https://img.dmallcdn.com/20180808/7fb03868-7ebe-4d5f-8cbb-d1009b2c24b0_m640" alt="" /> ↵<img src="https://img.dmallcdn.com/20180808/681446cc-c8cc-4381-b89e-db8247fd22dc_m640" alt="" /> ↵<img src="https://img.dmallcdn.com/20180808/fc7afea4-f45e-4d56-963f-482385986979_m640" alt="" /> ↵<img src="https://img.dmallcdn.com/20180808/5e45549c-b902-4f80-ba78-cbff488c270d_m640" alt="" /> ↵<br /><p><img src="https://img.dmallcdn.com//20180408/38fb0f09-bd05-4302-9519-331d4dcf7752_m640" alt="" /></p>', '[{"key":"类别","value":"其他"},{"key":"包装","value":"呆滞状"}]', 115),
	(41, '油麦菜【袋】 约330g', 'https://img.dmallcdn.com/20180627/a89a25f8-22ee-4053-a662-f00f49e16573_240x240H', '["https://img.dmallcdn.com/20180627/a89a25f8-22ee-4053-a662-f00f49e16573_240x240H","https://img.dmallcdn.com/20180627/a89a25f8-22ee-4053-a662-f00f49e16573_240x240H","https://img.dmallcdn.com/20180627/a89a25f8-22ee-4053-a662-f00f49e16573_240x240H","https://img.dmallcdn.com/20180627/a89a25f8-22ee-4053-a662-f00f49e16573_240x240H"]', 1.90, 1.90, 11341, 6543, '<img src="https://img.dmallcdn.com/20180808/2ff402b1-cf38-4354-957d-303d4b0c373d_m640" alt="" /> ↵<img src="https://img.dmallcdn.com/20180808/fd48ab65-da49-4c9a-8e6d-cc2a4a268bf5_m640" alt="" /> ↵<img src="https://img.dmallcdn.com/20180808/69426373-def6-457a-82a9-a1e83672b932_m640" alt="" /> ↵<img src="https://img.dmallcdn.com/20180808/48d45c6b-44ab-4697-bf49-3aaae0db5b97_m640" alt="" /> ↵<img src="https://img.dmallcdn.com/20180808/d0eab65e-bb25-4e2d-b900-616f02b9d358_m640" alt="" /> ↵<img src="https://img.dmallcdn.com/20180808/7fb03868-7ebe-4d5f-8cbb-d1009b2c24b0_m640" alt="" /> ↵<img src="https://img.dmallcdn.com/20180808/681446cc-c8cc-4381-b89e-db8247fd22dc_m640" alt="" /> ↵<img src="https://img.dmallcdn.com/20180808/fc7afea4-f45e-4d56-963f-482385986979_m640" alt="" /> ↵<img src="https://img.dmallcdn.com/20180808/5e45549c-b902-4f80-ba78-cbff488c270d_m640" alt="" /> ↵<br /><p><img src="https://img.dmallcdn.com//20180408/38fb0f09-bd05-4302-9519-331d4dcf7752_m640" alt="" /></p>', '[{"key":"类别","value":"其他"},{"key":"包装","value":"呆滞状"}]', 115),
	(42, '白玉北豆腐 385g', 'https://img.dmallcdn.com/20190403/f4f5f655-6d6c-4b8f-be68-3866ec8acfda_240x240H', '["https://img.dmallcdn.com/20190403/f4f5f655-6d6c-4b8f-be68-3866ec8acfda_240x240H","https://img.dmallcdn.com/20190403/f4f5f655-6d6c-4b8f-be68-3866ec8acfda_240x240H","https://img.dmallcdn.com/20190403/f4f5f655-6d6c-4b8f-be68-3866ec8acfda_240x240H","https://img.dmallcdn.com/20190403/f4f5f655-6d6c-4b8f-be68-3866ec8acfda_240x240H"]', 3.10, 3.10, 11341, 4, '<img src="https://img.dmallcdn.com/20180808/2ff402b1-cf38-4354-957d-303d4b0c373d_m640" alt="" /> ↵<img src="https://img.dmallcdn.com/20180808/fd48ab65-da49-4c9a-8e6d-cc2a4a268bf5_m640" alt="" /> ↵<img src="https://img.dmallcdn.com/20180808/69426373-def6-457a-82a9-a1e83672b932_m640" alt="" /> ↵<img src="https://img.dmallcdn.com/20180808/48d45c6b-44ab-4697-bf49-3aaae0db5b97_m640" alt="" /> ↵<img src="https://img.dmallcdn.com/20180808/d0eab65e-bb25-4e2d-b900-616f02b9d358_m640" alt="" /> ↵<img src="https://img.dmallcdn.com/20180808/7fb03868-7ebe-4d5f-8cbb-d1009b2c24b0_m640" alt="" /> ↵<img src="https://img.dmallcdn.com/20180808/681446cc-c8cc-4381-b89e-db8247fd22dc_m640" alt="" /> ↵<img src="https://img.dmallcdn.com/20180808/fc7afea4-f45e-4d56-963f-482385986979_m640" alt="" /> ↵<img src="https://img.dmallcdn.com/20180808/5e45549c-b902-4f80-ba78-cbff488c270d_m640" alt="" /> ↵<br /><p><img src="https://img.dmallcdn.com//20180408/38fb0f09-bd05-4302-9519-331d4dcf7752_m640" alt="" /></p>', '[{"key":"类别","value":"其他"},{"key":"包装","value":"呆滞状"}]', 115),
	(43, '圆茄子【精】 约400g', 'https://img.dmallcdn.com/20180611/3223e1bf-93a2-4891-80cd-dc0500beec2d_240x240H', '["https://img.dmallcdn.com/20180611/3223e1bf-93a2-4891-80cd-dc0500beec2d_240x240H","https://img.dmallcdn.com/20180611/3223e1bf-93a2-4891-80cd-dc0500beec2d_240x240H","https://img.dmallcdn.com/20180611/3223e1bf-93a2-4891-80cd-dc0500beec2d_240x240H","https://img.dmallcdn.com/20180611/3223e1bf-93a2-4891-80cd-dc0500beec2d_240x240H"]', 4.90, 4.90, 11341, 0, '<img src="https://img.dmallcdn.com/20180808/2ff402b1-cf38-4354-957d-303d4b0c373d_m640" alt="" /> ↵<img src="https://img.dmallcdn.com/20180808/fd48ab65-da49-4c9a-8e6d-cc2a4a268bf5_m640" alt="" /> ↵<img src="https://img.dmallcdn.com/20180808/69426373-def6-457a-82a9-a1e83672b932_m640" alt="" /> ↵<img src="https://img.dmallcdn.com/20180808/48d45c6b-44ab-4697-bf49-3aaae0db5b97_m640" alt="" /> ↵<img src="https://img.dmallcdn.com/20180808/d0eab65e-bb25-4e2d-b900-616f02b9d358_m640" alt="" /> ↵<img src="https://img.dmallcdn.com/20180808/7fb03868-7ebe-4d5f-8cbb-d1009b2c24b0_m640" alt="" /> ↵<img src="https://img.dmallcdn.com/20180808/681446cc-c8cc-4381-b89e-db8247fd22dc_m640" alt="" /> ↵<img src="https://img.dmallcdn.com/20180808/fc7afea4-f45e-4d56-963f-482385986979_m640" alt="" /> ↵<img src="https://img.dmallcdn.com/20180808/5e45549c-b902-4f80-ba78-cbff488c270d_m640" alt="" /> ↵<br /><p><img src="https://img.dmallcdn.com//20180408/38fb0f09-bd05-4302-9519-331d4dcf7752_m640" alt="" /></p>', '[{"key":"类别","value":"其他"},{"key":"包装","value":"呆滞状"}]', 115),
	(44, '缤纷田园平菇【精】 约350g', 'https://img.dmallcdn.com/20190930/9c3c6fad-6981-4419-8abc-41bc1a5d6fb6_240x240H', '["https://img.dmallcdn.com/20190930/9c3c6fad-6981-4419-8abc-41bc1a5d6fb6_240x240H","https://img.dmallcdn.com/20190930/9c3c6fad-6981-4419-8abc-41bc1a5d6fb6_240x240H","https://img.dmallcdn.com/20190930/9c3c6fad-6981-4419-8abc-41bc1a5d6fb6_240x240H","https://img.dmallcdn.com/20190930/9c3c6fad-6981-4419-8abc-41bc1a5d6fb6_240x240H"]', 5.90, 5.90, 11341, 0, '<img src="https://img.dmallcdn.com/20180808/2ff402b1-cf38-4354-957d-303d4b0c373d_m640" alt="" /> ↵<img src="https://img.dmallcdn.com/20180808/fd48ab65-da49-4c9a-8e6d-cc2a4a268bf5_m640" alt="" /> ↵<img src="https://img.dmallcdn.com/20180808/69426373-def6-457a-82a9-a1e83672b932_m640" alt="" /> ↵<img src="https://img.dmallcdn.com/20180808/48d45c6b-44ab-4697-bf49-3aaae0db5b97_m640" alt="" /> ↵<img src="https://img.dmallcdn.com/20180808/d0eab65e-bb25-4e2d-b900-616f02b9d358_m640" alt="" /> ↵<img src="https://img.dmallcdn.com/20180808/7fb03868-7ebe-4d5f-8cbb-d1009b2c24b0_m640" alt="" /> ↵<img src="https://img.dmallcdn.com/20180808/681446cc-c8cc-4381-b89e-db8247fd22dc_m640" alt="" /> ↵<img src="https://img.dmallcdn.com/20180808/fc7afea4-f45e-4d56-963f-482385986979_m640" alt="" /> ↵<img src="https://img.dmallcdn.com/20180808/5e45549c-b902-4f80-ba78-cbff488c270d_m640" alt="" /> ↵<br /><p><img src="https://img.dmallcdn.com//20180408/38fb0f09-bd05-4302-9519-331d4dcf7752_m640" alt="" /></p>', '[{"key":"类别","value":"其他"},{"key":"包装","value":"呆滞状"}]', 115),
	(45, '泡豇豆【精】 约400g', 'https://img.dmallcdn.com/20190320/80c9df3e-3c00-41d1-9b26-355be6286e58_240x240H', '["https://img.dmallcdn.com/20190320/80c9df3e-3c00-41d1-9b26-355be6286e58_240x240H","https://img.dmallcdn.com/20190320/80c9df3e-3c00-41d1-9b26-355be6286e58_240x240H","https://img.dmallcdn.com/20190320/80c9df3e-3c00-41d1-9b26-355be6286e58_240x240H","https://img.dmallcdn.com/20190320/80c9df3e-3c00-41d1-9b26-355be6286e58_240x240H"]', 6.90, 6.90, 11341, 0, '<img src="https://img.dmallcdn.com/20180808/2ff402b1-cf38-4354-957d-303d4b0c373d_m640" alt="" /> ↵<img src="https://img.dmallcdn.com/20180808/fd48ab65-da49-4c9a-8e6d-cc2a4a268bf5_m640" alt="" /> ↵<img src="https://img.dmallcdn.com/20180808/69426373-def6-457a-82a9-a1e83672b932_m640" alt="" /> ↵<img src="https://img.dmallcdn.com/20180808/48d45c6b-44ab-4697-bf49-3aaae0db5b97_m640" alt="" /> ↵<img src="https://img.dmallcdn.com/20180808/d0eab65e-bb25-4e2d-b900-616f02b9d358_m640" alt="" /> ↵<img src="https://img.dmallcdn.com/20180808/7fb03868-7ebe-4d5f-8cbb-d1009b2c24b0_m640" alt="" /> ↵<img src="https://img.dmallcdn.com/20180808/681446cc-c8cc-4381-b89e-db8247fd22dc_m640" alt="" /> ↵<img src="https://img.dmallcdn.com/20180808/fc7afea4-f45e-4d56-963f-482385986979_m640" alt="" /> ↵<img src="https://img.dmallcdn.com/20180808/5e45549c-b902-4f80-ba78-cbff488c270d_m640" alt="" /> ↵<br /><p><img src="https://img.dmallcdn.com//20180408/38fb0f09-bd05-4302-9519-331d4dcf7752_m640" alt="" /></p>', '[{"key":"类别","value":"其他"},{"key":"包装","value":"呆滞状"}]', 115),
	(46, '白玉菇【精】 约150g', 'https://img.dmallcdn.com/20180615/7fb8c7a6-8f5c-4316-8c23-8793a1e41cb9_240x240H', '["https://img.dmallcdn.com/20180615/7fb8c7a6-8f5c-4316-8c23-8793a1e41cb9_240x240H","https://img.dmallcdn.com/20180615/7fb8c7a6-8f5c-4316-8c23-8793a1e41cb9_240x240H","https://img.dmallcdn.com/20180615/7fb8c7a6-8f5c-4316-8c23-8793a1e41cb9_240x240H","https://img.dmallcdn.com/20180615/7fb8c7a6-8f5c-4316-8c23-8793a1e41cb9_240x240H"]', 5.90, 5.90, NULL, 0, '<img src="https://img.dmallcdn.com/20180808/2ff402b1-cf38-4354-957d-303d4b0c373d_m640" alt="" /> ↵<img src="https://img.dmallcdn.com/20180808/fd48ab65-da49-4c9a-8e6d-cc2a4a268bf5_m640" alt="" /> ↵<img src="https://img.dmallcdn.com/20180808/69426373-def6-457a-82a9-a1e83672b932_m640" alt="" /> ↵<img src="https://img.dmallcdn.com/20180808/48d45c6b-44ab-4697-bf49-3aaae0db5b97_m640" alt="" /> ↵<img src="https://img.dmallcdn.com/20180808/d0eab65e-bb25-4e2d-b900-616f02b9d358_m640" alt="" /> ↵<img src="https://img.dmallcdn.com/20180808/7fb03868-7ebe-4d5f-8cbb-d1009b2c24b0_m640" alt="" /> ↵<img src="https://img.dmallcdn.com/20180808/681446cc-c8cc-4381-b89e-db8247fd22dc_m640" alt="" /> ↵<img src="https://img.dmallcdn.com/20180808/fc7afea4-f45e-4d56-963f-482385986979_m640" alt="" /> ↵<img src="https://img.dmallcdn.com/20180808/5e45549c-b902-4f80-ba78-cbff488c270d_m640" alt="" /> ↵<br /><p><img src="https://img.dmallcdn.com//20180408/38fb0f09-bd05-4302-9519-331d4dcf7752_m640" alt="" /></p>', '[{"key":"类别","value":"其他"},{"key":"包装","value":"呆滞状"}]', 115),
	(47, '红南瓜 约1.65kg', 'https://img.dmallcdn.com/20190716/0b89a860-6b2c-4bae-8a52-11c0044c0f2b_240x240H', '["https://img.dmallcdn.com/20190716/0b89a860-6b2c-4bae-8a52-11c0044c0f2b_240x240H","https://img.dmallcdn.com/20190716/0b89a860-6b2c-4bae-8a52-11c0044c0f2b_240x240H","https://img.dmallcdn.com/20190716/0b89a860-6b2c-4bae-8a52-11c0044c0f2b_240x240H","https://img.dmallcdn.com/20190716/0b89a860-6b2c-4bae-8a52-11c0044c0f2b_240x240H"]', 4.50, 4.50, 11341, 62443, '<img src="https://img.dmallcdn.com/20180808/2ff402b1-cf38-4354-957d-303d4b0c373d_m640" alt="" /> ↵<img src="https://img.dmallcdn.com/20180808/fd48ab65-da49-4c9a-8e6d-cc2a4a268bf5_m640" alt="" /> ↵<img src="https://img.dmallcdn.com/20180808/69426373-def6-457a-82a9-a1e83672b932_m640" alt="" /> ↵<img src="https://img.dmallcdn.com/20180808/48d45c6b-44ab-4697-bf49-3aaae0db5b97_m640" alt="" /> ↵<img src="https://img.dmallcdn.com/20180808/d0eab65e-bb25-4e2d-b900-616f02b9d358_m640" alt="" /> ↵<img src="https://img.dmallcdn.com/20180808/7fb03868-7ebe-4d5f-8cbb-d1009b2c24b0_m640" alt="" /> ↵<img src="https://img.dmallcdn.com/20180808/681446cc-c8cc-4381-b89e-db8247fd22dc_m640" alt="" /> ↵<img src="https://img.dmallcdn.com/20180808/fc7afea4-f45e-4d56-963f-482385986979_m640" alt="" /> ↵<img src="https://img.dmallcdn.com/20180808/5e45549c-b902-4f80-ba78-cbff488c270d_m640" alt="" /> ↵<br /><p><img src="https://img.dmallcdn.com//20180408/38fb0f09-bd05-4302-9519-331d4dcf7752_m640" alt="" /></p>', '[{"key":"类别","value":"其他"},{"key":"包装","value":"呆滞状"}]', 115),
	(48, '豌豆尖【精】 约150g', 'https://img.dmallcdn.com/20190225/afdf39a8-266a-4537-ba68-c699a5ffcd75_240x240H', '["https://img.dmallcdn.com/20190225/afdf39a8-266a-4537-ba68-c699a5ffcd75_240x240H","https://img.dmallcdn.com/20190225/afdf39a8-266a-4537-ba68-c699a5ffcd75_240x240H","https://img.dmallcdn.com/20190225/afdf39a8-266a-4537-ba68-c699a5ffcd75_240x240H","https://img.dmallcdn.com/20190225/afdf39a8-266a-4537-ba68-c699a5ffcd75_240x240H"]', 5.90, 5.90, 11341, 0, '<img src="https://img.dmallcdn.com/20180808/2ff402b1-cf38-4354-957d-303d4b0c373d_m640" alt="" /> ↵<img src="https://img.dmallcdn.com/20180808/fd48ab65-da49-4c9a-8e6d-cc2a4a268bf5_m640" alt="" /> ↵<img src="https://img.dmallcdn.com/20180808/69426373-def6-457a-82a9-a1e83672b932_m640" alt="" /> ↵<img src="https://img.dmallcdn.com/20180808/48d45c6b-44ab-4697-bf49-3aaae0db5b97_m640" alt="" /> ↵<img src="https://img.dmallcdn.com/20180808/d0eab65e-bb25-4e2d-b900-616f02b9d358_m640" alt="" /> ↵<img src="https://img.dmallcdn.com/20180808/7fb03868-7ebe-4d5f-8cbb-d1009b2c24b0_m640" alt="" /> ↵<img src="https://img.dmallcdn.com/20180808/681446cc-c8cc-4381-b89e-db8247fd22dc_m640" alt="" /> ↵<img src="https://img.dmallcdn.com/20180808/fc7afea4-f45e-4d56-963f-482385986979_m640" alt="" /> ↵<img src="https://img.dmallcdn.com/20180808/5e45549c-b902-4f80-ba78-cbff488c270d_m640" alt="" /> ↵<br /><p><img src="https://img.dmallcdn.com//20180408/38fb0f09-bd05-4302-9519-331d4dcf7752_m640" alt="" /></p>', '[{"key":"类别","value":"其他"},{"key":"包装","value":"呆滞状"}]', 115),
	(49, '小白菜【袋】 约300g', 'https://img.dmallcdn.com/20180906/b9284d9a-91c7-413d-8e9a-4e4c3dc70f84_240x240H', '["https://img.dmallcdn.com/20180906/b9284d9a-91c7-413d-8e9a-4e4c3dc70f84_240x240H","https://img.dmallcdn.com/20180906/b9284d9a-91c7-413d-8e9a-4e4c3dc70f84_240x240H","https://img.dmallcdn.com/20180906/b9284d9a-91c7-413d-8e9a-4e4c3dc70f84_240x240H","https://img.dmallcdn.com/20180906/b9284d9a-91c7-413d-8e9a-4e4c3dc70f84_240x240H"]', 2.90, 2.90, 11341, 432, '<img src="https://img.dmallcdn.com/20180808/2ff402b1-cf38-4354-957d-303d4b0c373d_m640" alt="" /> ↵<img src="https://img.dmallcdn.com/20180808/fd48ab65-da49-4c9a-8e6d-cc2a4a268bf5_m640" alt="" /> ↵<img src="https://img.dmallcdn.com/20180808/69426373-def6-457a-82a9-a1e83672b932_m640" alt="" /> ↵<img src="https://img.dmallcdn.com/20180808/48d45c6b-44ab-4697-bf49-3aaae0db5b97_m640" alt="" /> ↵<img src="https://img.dmallcdn.com/20180808/d0eab65e-bb25-4e2d-b900-616f02b9d358_m640" alt="" /> ↵<img src="https://img.dmallcdn.com/20180808/7fb03868-7ebe-4d5f-8cbb-d1009b2c24b0_m640" alt="" /> ↵<img src="https://img.dmallcdn.com/20180808/681446cc-c8cc-4381-b89e-db8247fd22dc_m640" alt="" /> ↵<img src="https://img.dmallcdn.com/20180808/fc7afea4-f45e-4d56-963f-482385986979_m640" alt="" /> ↵<img src="https://img.dmallcdn.com/20180808/5e45549c-b902-4f80-ba78-cbff488c270d_m640" alt="" /> ↵<br /><p><img src="https://img.dmallcdn.com//20180408/38fb0f09-bd05-4302-9519-331d4dcf7752_m640" alt="" /></p>', '[{"key":"类别","value":"其他"},{"key":"包装","value":"呆滞状"}]', 115),
	(50, '千禧圣女果【盒】 约450g', 'https://img.dmallcdn.com/20180906/33245964-11ee-4d99-8bb3-024107e07553_240x240H', '["https://img.dmallcdn.com/20180906/33245964-11ee-4d99-8bb3-024107e07553_240x240H","https://img.dmallcdn.com/20180906/33245964-11ee-4d99-8bb3-024107e07553_240x240H","https://img.dmallcdn.com/20180906/33245964-11ee-4d99-8bb3-024107e07553_240x240H","https://img.dmallcdn.com/20180906/33245964-11ee-4d99-8bb3-024107e07553_240x240H"]', 7.90, 7.90, 11341, 0, '<img src="https://img.dmallcdn.com/20180808/2ff402b1-cf38-4354-957d-303d4b0c373d_m640" alt="" /> ↵<img src="https://img.dmallcdn.com/20180808/fd48ab65-da49-4c9a-8e6d-cc2a4a268bf5_m640" alt="" /> ↵<img src="https://img.dmallcdn.com/20180808/69426373-def6-457a-82a9-a1e83672b932_m640" alt="" /> ↵<img src="https://img.dmallcdn.com/20180808/48d45c6b-44ab-4697-bf49-3aaae0db5b97_m640" alt="" /> ↵<img src="https://img.dmallcdn.com/20180808/d0eab65e-bb25-4e2d-b900-616f02b9d358_m640" alt="" /> ↵<img src="https://img.dmallcdn.com/20180808/7fb03868-7ebe-4d5f-8cbb-d1009b2c24b0_m640" alt="" /> ↵<img src="https://img.dmallcdn.com/20180808/681446cc-c8cc-4381-b89e-db8247fd22dc_m640" alt="" /> ↵<img src="https://img.dmallcdn.com/20180808/fc7afea4-f45e-4d56-963f-482385986979_m640" alt="" /> ↵<img src="https://img.dmallcdn.com/20180808/5e45549c-b902-4f80-ba78-cbff488c270d_m640" alt="" /> ↵<br /><p><img src="https://img.dmallcdn.com//20180408/38fb0f09-bd05-4302-9519-331d4dcf7752_m640" alt="" /></p>', '[{"key":"类别","value":"其他"},{"key":"包装","value":"呆滞状"}]', 115),
	(51, '小芋头 约450g', 'https://img.dmallcdn.com/20190930/0f0fa7af-cf41-440a-99bc-3e380e8cbe8c_240x240H', '["https://img.dmallcdn.com/20190930/0f0fa7af-cf41-440a-99bc-3e380e8cbe8c_240x240H","https://img.dmallcdn.com/20190930/0f0fa7af-cf41-440a-99bc-3e380e8cbe8c_240x240H","https://img.dmallcdn.com/20190930/0f0fa7af-cf41-440a-99bc-3e380e8cbe8c_240x240H","https://img.dmallcdn.com/20190930/0f0fa7af-cf41-440a-99bc-3e380e8cbe8c_240x240H"]', 2.73, 2.73, 11341, 4324, '<img src="https://img.dmallcdn.com/20180808/2ff402b1-cf38-4354-957d-303d4b0c373d_m640" alt="" /> ↵<img src="https://img.dmallcdn.com/20180808/fd48ab65-da49-4c9a-8e6d-cc2a4a268bf5_m640" alt="" /> ↵<img src="https://img.dmallcdn.com/20180808/69426373-def6-457a-82a9-a1e83672b932_m640" alt="" /> ↵<img src="https://img.dmallcdn.com/20180808/48d45c6b-44ab-4697-bf49-3aaae0db5b97_m640" alt="" /> ↵<img src="https://img.dmallcdn.com/20180808/d0eab65e-bb25-4e2d-b900-616f02b9d358_m640" alt="" /> ↵<img src="https://img.dmallcdn.com/20180808/7fb03868-7ebe-4d5f-8cbb-d1009b2c24b0_m640" alt="" /> ↵<img src="https://img.dmallcdn.com/20180808/681446cc-c8cc-4381-b89e-db8247fd22dc_m640" alt="" /> ↵<img src="https://img.dmallcdn.com/20180808/fc7afea4-f45e-4d56-963f-482385986979_m640" alt="" /> ↵<img src="https://img.dmallcdn.com/20180808/5e45549c-b902-4f80-ba78-cbff488c270d_m640" alt="" /> ↵<br /><p><img src="https://img.dmallcdn.com//20180408/38fb0f09-bd05-4302-9519-331d4dcf7752_m640" alt="" /></p>', '[{"key":"类别","value":"其他"},{"key":"包装","value":"呆滞状"}]', 115),
	(52, '圆白菜1颗【精】 约900g', 'https://img.dmallcdn.com/20180807/5ccc54ad-5033-47ab-95e9-75c026a5e230_240x240H', '["https://img.dmallcdn.com/20180807/5ccc54ad-5033-47ab-95e9-75c026a5e230_240x240H","https://img.dmallcdn.com/20180807/5ccc54ad-5033-47ab-95e9-75c026a5e230_240x240H","https://img.dmallcdn.com/20180807/5ccc54ad-5033-47ab-95e9-75c026a5e230_240x240H","https://img.dmallcdn.com/20180807/5ccc54ad-5033-47ab-95e9-75c026a5e230_240x240H"]', 3.50, 3.50, 11341, 62, '<img src="https://img.dmallcdn.com/20180808/2ff402b1-cf38-4354-957d-303d4b0c373d_m640" alt="" /> ↵<img src="https://img.dmallcdn.com/20180808/fd48ab65-da49-4c9a-8e6d-cc2a4a268bf5_m640" alt="" /> ↵<img src="https://img.dmallcdn.com/20180808/69426373-def6-457a-82a9-a1e83672b932_m640" alt="" /> ↵<img src="https://img.dmallcdn.com/20180808/48d45c6b-44ab-4697-bf49-3aaae0db5b97_m640" alt="" /> ↵<img src="https://img.dmallcdn.com/20180808/d0eab65e-bb25-4e2d-b900-616f02b9d358_m640" alt="" /> ↵<img src="https://img.dmallcdn.com/20180808/7fb03868-7ebe-4d5f-8cbb-d1009b2c24b0_m640" alt="" /> ↵<img src="https://img.dmallcdn.com/20180808/681446cc-c8cc-4381-b89e-db8247fd22dc_m640" alt="" /> ↵<img src="https://img.dmallcdn.com/20180808/fc7afea4-f45e-4d56-963f-482385986979_m640" alt="" /> ↵<img src="https://img.dmallcdn.com/20180808/5e45549c-b902-4f80-ba78-cbff488c270d_m640" alt="" /> ↵<br /><p><img src="https://img.dmallcdn.com//20180408/38fb0f09-bd05-4302-9519-331d4dcf7752_m640" alt="" /></p>', '[{"key":"类别","value":"其他"},{"key":"包装","value":"呆滞状"}]', 115),
	(53, '苦菊【袋】 约300g', 'https://img.dmallcdn.com/20181016/0dce7117-f7c8-493d-9794-eee7ff3f7cac_240x240H', '["https://img.dmallcdn.com/20181016/0dce7117-f7c8-493d-9794-eee7ff3f7cac_240x240H","https://img.dmallcdn.com/20181016/0dce7117-f7c8-493d-9794-eee7ff3f7cac_240x240H","https://img.dmallcdn.com/20181016/0dce7117-f7c8-493d-9794-eee7ff3f7cac_240x240H","https://img.dmallcdn.com/20181016/0dce7117-f7c8-493d-9794-eee7ff3f7cac_240x240H"]', 3.90, 3.90, 11341, 624324, '<img src="https://img.dmallcdn.com/20180808/2ff402b1-cf38-4354-957d-303d4b0c373d_m640" alt="" /> ↵<img src="https://img.dmallcdn.com/20180808/fd48ab65-da49-4c9a-8e6d-cc2a4a268bf5_m640" alt="" /> ↵<img src="https://img.dmallcdn.com/20180808/69426373-def6-457a-82a9-a1e83672b932_m640" alt="" /> ↵<img src="https://img.dmallcdn.com/20180808/48d45c6b-44ab-4697-bf49-3aaae0db5b97_m640" alt="" /> ↵<img src="https://img.dmallcdn.com/20180808/d0eab65e-bb25-4e2d-b900-616f02b9d358_m640" alt="" /> ↵<img src="https://img.dmallcdn.com/20180808/7fb03868-7ebe-4d5f-8cbb-d1009b2c24b0_m640" alt="" /> ↵<img src="https://img.dmallcdn.com/20180808/681446cc-c8cc-4381-b89e-db8247fd22dc_m640" alt="" /> ↵<img src="https://img.dmallcdn.com/20180808/fc7afea4-f45e-4d56-963f-482385986979_m640" alt="" /> ↵<img src="https://img.dmallcdn.com/20180808/5e45549c-b902-4f80-ba78-cbff488c270d_m640" alt="" /> ↵<br /><p><img src="https://img.dmallcdn.com//20180408/38fb0f09-bd05-4302-9519-331d4dcf7752_m640" alt="" /></p>', '[{"key":"类别","value":"其他"},{"key":"包装","value":"呆滞状"}]', 115),
	(54, '红朝天椒【精】 约100g', 'https://img.dmallcdn.com/20180718/a1c277ca-2912-4a16-be4c-6eff15bd31b4_240x240H', '["https://img.dmallcdn.com/20180718/a1c277ca-2912-4a16-be4c-6eff15bd31b4_240x240H","https://img.dmallcdn.com/20180718/a1c277ca-2912-4a16-be4c-6eff15bd31b4_240x240H","https://img.dmallcdn.com/20180718/a1c277ca-2912-4a16-be4c-6eff15bd31b4_240x240H","https://img.dmallcdn.com/20180718/a1c277ca-2912-4a16-be4c-6eff15bd31b4_240x240H"]', 5.90, 5.90, NULL, 0, '<img src="https://img.dmallcdn.com/20180808/2ff402b1-cf38-4354-957d-303d4b0c373d_m640" alt="" /> ↵<img src="https://img.dmallcdn.com/20180808/fd48ab65-da49-4c9a-8e6d-cc2a4a268bf5_m640" alt="" /> ↵<img src="https://img.dmallcdn.com/20180808/69426373-def6-457a-82a9-a1e83672b932_m640" alt="" /> ↵<img src="https://img.dmallcdn.com/20180808/48d45c6b-44ab-4697-bf49-3aaae0db5b97_m640" alt="" /> ↵<img src="https://img.dmallcdn.com/20180808/d0eab65e-bb25-4e2d-b900-616f02b9d358_m640" alt="" /> ↵<img src="https://img.dmallcdn.com/20180808/7fb03868-7ebe-4d5f-8cbb-d1009b2c24b0_m640" alt="" /> ↵<img src="https://img.dmallcdn.com/20180808/681446cc-c8cc-4381-b89e-db8247fd22dc_m640" alt="" /> ↵<img src="https://img.dmallcdn.com/20180808/fc7afea4-f45e-4d56-963f-482385986979_m640" alt="" /> ↵<img src="https://img.dmallcdn.com/20180808/5e45549c-b902-4f80-ba78-cbff488c270d_m640" alt="" /> ↵<br /><p><img src="https://img.dmallcdn.com//20180408/38fb0f09-bd05-4302-9519-331d4dcf7752_m640" alt="" /></p>', '[{"key":"类别","value":"其他"},{"key":"包装","value":"呆滞状"}]', 115),
	(55, '紫洋葱【精】 约850g', 'https://img.dmallcdn.com/20180906/e0203f30-842b-422f-baf5-5bc62c1574f7_240x240H', '["https://img.dmallcdn.com/20180906/e0203f30-842b-422f-baf5-5bc62c1574f7_240x240H","https://img.dmallcdn.com/20180906/e0203f30-842b-422f-baf5-5bc62c1574f7_240x240H","https://img.dmallcdn.com/20180906/e0203f30-842b-422f-baf5-5bc62c1574f7_240x240H","https://img.dmallcdn.com/20180906/e0203f30-842b-422f-baf5-5bc62c1574f7_240x240H"]', 4.90, 4.90, 11341, 0, '<img src="https://img.dmallcdn.com/20180808/2ff402b1-cf38-4354-957d-303d4b0c373d_m640" alt="" /> ↵<img src="https://img.dmallcdn.com/20180808/fd48ab65-da49-4c9a-8e6d-cc2a4a268bf5_m640" alt="" /> ↵<img src="https://img.dmallcdn.com/20180808/69426373-def6-457a-82a9-a1e83672b932_m640" alt="" /> ↵<img src="https://img.dmallcdn.com/20180808/48d45c6b-44ab-4697-bf49-3aaae0db5b97_m640" alt="" /> ↵<img src="https://img.dmallcdn.com/20180808/d0eab65e-bb25-4e2d-b900-616f02b9d358_m640" alt="" /> ↵<img src="https://img.dmallcdn.com/20180808/7fb03868-7ebe-4d5f-8cbb-d1009b2c24b0_m640" alt="" /> ↵<img src="https://img.dmallcdn.com/20180808/681446cc-c8cc-4381-b89e-db8247fd22dc_m640" alt="" /> ↵<img src="https://img.dmallcdn.com/20180808/fc7afea4-f45e-4d56-963f-482385986979_m640" alt="" /> ↵<img src="https://img.dmallcdn.com/20180808/5e45549c-b902-4f80-ba78-cbff488c270d_m640" alt="" /> ↵<br /><p><img src="https://img.dmallcdn.com//20180408/38fb0f09-bd05-4302-9519-331d4dcf7752_m640" alt="" /></p>', '[{"key":"类别","value":"其他"},{"key":"包装","value":"呆滞状"}]', 115),
	(57, '香菇油菜【精】 约350g', 'https://img.dmallcdn.com/20190313/33dace84-2d2e-4b03-b8ba-b33355eb82db_240x240H', '["https://img.dmallcdn.com/20190313/33dace84-2d2e-4b03-b8ba-b33355eb82db_240x240H","https://img.dmallcdn.com/20190313/33dace84-2d2e-4b03-b8ba-b33355eb82db_240x240H","https://img.dmallcdn.com/20190313/33dace84-2d2e-4b03-b8ba-b33355eb82db_240x240H","https://img.dmallcdn.com/20190313/33dace84-2d2e-4b03-b8ba-b33355eb82db_240x240H"]', 8.60, 8.60, 11341, 0, '<img src="https://img.dmallcdn.com/20180808/2ff402b1-cf38-4354-957d-303d4b0c373d_m640" alt="" /> ↵<img src="https://img.dmallcdn.com/20180808/fd48ab65-da49-4c9a-8e6d-cc2a4a268bf5_m640" alt="" /> ↵<img src="https://img.dmallcdn.com/20180808/69426373-def6-457a-82a9-a1e83672b932_m640" alt="" /> ↵<img src="https://img.dmallcdn.com/20180808/48d45c6b-44ab-4697-bf49-3aaae0db5b97_m640" alt="" /> ↵<img src="https://img.dmallcdn.com/20180808/d0eab65e-bb25-4e2d-b900-616f02b9d358_m640" alt="" /> ↵<img src="https://img.dmallcdn.com/20180808/7fb03868-7ebe-4d5f-8cbb-d1009b2c24b0_m640" alt="" /> ↵<img src="https://img.dmallcdn.com/20180808/681446cc-c8cc-4381-b89e-db8247fd22dc_m640" alt="" /> ↵<img src="https://img.dmallcdn.com/20180808/fc7afea4-f45e-4d56-963f-482385986979_m640" alt="" /> ↵<img src="https://img.dmallcdn.com/20180808/5e45549c-b902-4f80-ba78-cbff488c270d_m640" alt="" /> ↵<br /><p><img src="https://img.dmallcdn.com//20180408/38fb0f09-bd05-4302-9519-331d4dcf7752_m640" alt="" /></p>', '[{"key":"类别","value":"其他"},{"key":"包装","value":"呆滞状"}]', 115),
	(58, '丝瓜 约950g', 'https://img.dmallcdn.com/20181016/5bc56788-7ef8-45a5-82ed-8d007932289d_240x240H', '["https://img.dmallcdn.com/20181016/5bc56788-7ef8-45a5-82ed-8d007932289d_240x240H","https://img.dmallcdn.com/20181016/5bc56788-7ef8-45a5-82ed-8d007932289d_240x240H","https://img.dmallcdn.com/20181016/5bc56788-7ef8-45a5-82ed-8d007932289d_240x240H","https://img.dmallcdn.com/20181016/5bc56788-7ef8-45a5-82ed-8d007932289d_240x240H"]', 10.93, 10.93, 11341, 0, '<img src="https://img.dmallcdn.com/20180808/2ff402b1-cf38-4354-957d-303d4b0c373d_m640" alt="" /> ↵<img src="https://img.dmallcdn.com/20180808/fd48ab65-da49-4c9a-8e6d-cc2a4a268bf5_m640" alt="" /> ↵<img src="https://img.dmallcdn.com/20180808/69426373-def6-457a-82a9-a1e83672b932_m640" alt="" /> ↵<img src="https://img.dmallcdn.com/20180808/48d45c6b-44ab-4697-bf49-3aaae0db5b97_m640" alt="" /> ↵<img src="https://img.dmallcdn.com/20180808/d0eab65e-bb25-4e2d-b900-616f02b9d358_m640" alt="" /> ↵<img src="https://img.dmallcdn.com/20180808/7fb03868-7ebe-4d5f-8cbb-d1009b2c24b0_m640" alt="" /> ↵<img src="https://img.dmallcdn.com/20180808/681446cc-c8cc-4381-b89e-db8247fd22dc_m640" alt="" /> ↵<img src="https://img.dmallcdn.com/20180808/fc7afea4-f45e-4d56-963f-482385986979_m640" alt="" /> ↵<img src="https://img.dmallcdn.com/20180808/5e45549c-b902-4f80-ba78-cbff488c270d_m640" alt="" /> ↵<br /><p><img src="https://img.dmallcdn.com//20180408/38fb0f09-bd05-4302-9519-331d4dcf7752_m640" alt="" /></p>', '[{"key":"类别","value":"其他"},{"key":"包装","value":"呆滞状"}]', 115),
	(59, '蒜头【精】 约200g', 'https://img.dmallcdn.com/20180906/82521ef2-8f9c-48cf-a10d-2afcead2a9f1_240x240H', '["https://img.dmallcdn.com/20180906/82521ef2-8f9c-48cf-a10d-2afcead2a9f1_240x240H","https://img.dmallcdn.com/20180906/82521ef2-8f9c-48cf-a10d-2afcead2a9f1_240x240H","https://img.dmallcdn.com/20180906/82521ef2-8f9c-48cf-a10d-2afcead2a9f1_240x240H","https://img.dmallcdn.com/20180906/82521ef2-8f9c-48cf-a10d-2afcead2a9f1_240x240H"]', 3.90, 3.90, 11341, 624324, '<img src="https://img.dmallcdn.com/20180808/2ff402b1-cf38-4354-957d-303d4b0c373d_m640" alt="" /> ↵<img src="https://img.dmallcdn.com/20180808/fd48ab65-da49-4c9a-8e6d-cc2a4a268bf5_m640" alt="" /> ↵<img src="https://img.dmallcdn.com/20180808/69426373-def6-457a-82a9-a1e83672b932_m640" alt="" /> ↵<img src="https://img.dmallcdn.com/20180808/48d45c6b-44ab-4697-bf49-3aaae0db5b97_m640" alt="" /> ↵<img src="https://img.dmallcdn.com/20180808/d0eab65e-bb25-4e2d-b900-616f02b9d358_m640" alt="" /> ↵<img src="https://img.dmallcdn.com/20180808/7fb03868-7ebe-4d5f-8cbb-d1009b2c24b0_m640" alt="" /> ↵<img src="https://img.dmallcdn.com/20180808/681446cc-c8cc-4381-b89e-db8247fd22dc_m640" alt="" /> ↵<img src="https://img.dmallcdn.com/20180808/fc7afea4-f45e-4d56-963f-482385986979_m640" alt="" /> ↵<img src="https://img.dmallcdn.com/20180808/5e45549c-b902-4f80-ba78-cbff488c270d_m640" alt="" /> ↵<br /><p><img src="https://img.dmallcdn.com//20180408/38fb0f09-bd05-4302-9519-331d4dcf7752_m640" alt="" /></p>', '[{"key":"类别","value":"其他"},{"key":"包装","value":"呆滞状"}]', 115),
	(60, '胡萝卜 约500g', 'https://img.dmallcdn.com/20170314/fb1c9f4c-3041-4856-975f-d7250fd45d84_240x240H', '["https://img.dmallcdn.com/20170314/fb1c9f4c-3041-4856-975f-d7250fd45d84_240x240H","https://img.dmallcdn.com/20170314/fb1c9f4c-3041-4856-975f-d7250fd45d84_240x240H","https://img.dmallcdn.com/20170314/fb1c9f4c-3041-4856-975f-d7250fd45d84_240x240H","https://img.dmallcdn.com/20170314/fb1c9f4c-3041-4856-975f-d7250fd45d84_240x240H"]', 1.99, 1.99, 11341, 7654, '<img src="https://img.dmallcdn.com/20180808/2ff402b1-cf38-4354-957d-303d4b0c373d_m640" alt="" /> ↵<img src="https://img.dmallcdn.com/20180808/fd48ab65-da49-4c9a-8e6d-cc2a4a268bf5_m640" alt="" /> ↵<img src="https://img.dmallcdn.com/20180808/69426373-def6-457a-82a9-a1e83672b932_m640" alt="" /> ↵<img src="https://img.dmallcdn.com/20180808/48d45c6b-44ab-4697-bf49-3aaae0db5b97_m640" alt="" /> ↵<img src="https://img.dmallcdn.com/20180808/d0eab65e-bb25-4e2d-b900-616f02b9d358_m640" alt="" /> ↵<img src="https://img.dmallcdn.com/20180808/7fb03868-7ebe-4d5f-8cbb-d1009b2c24b0_m640" alt="" /> ↵<img src="https://img.dmallcdn.com/20180808/681446cc-c8cc-4381-b89e-db8247fd22dc_m640" alt="" /> ↵<img src="https://img.dmallcdn.com/20180808/fc7afea4-f45e-4d56-963f-482385986979_m640" alt="" /> ↵<img src="https://img.dmallcdn.com/20180808/5e45549c-b902-4f80-ba78-cbff488c270d_m640" alt="" /> ↵<br /><p><img src="https://img.dmallcdn.com//20180408/38fb0f09-bd05-4302-9519-331d4dcf7752_m640" alt="" /></p>', '[{"key":"类别","value":"其他"},{"key":"包装","value":"呆滞状"}]', 115),
	(61, '团生菜【精】 约600g', 'https://img.dmallcdn.com/20190716/32c1633b-9020-4f43-a4a8-127e26889c29_240x240H', '["https://img.dmallcdn.com/20190716/32c1633b-9020-4f43-a4a8-127e26889c29_240x240H","https://img.dmallcdn.com/20190716/32c1633b-9020-4f43-a4a8-127e26889c29_240x240H","https://img.dmallcdn.com/20190716/32c1633b-9020-4f43-a4a8-127e26889c29_240x240H","https://img.dmallcdn.com/20190716/32c1633b-9020-4f43-a4a8-127e26889c29_240x240H"]', 6.90, 6.90, 11341, 0, '<img src="https://img.dmallcdn.com/20180808/2ff402b1-cf38-4354-957d-303d4b0c373d_m640" alt="" /> ↵<img src="https://img.dmallcdn.com/20180808/fd48ab65-da49-4c9a-8e6d-cc2a4a268bf5_m640" alt="" /> ↵<img src="https://img.dmallcdn.com/20180808/69426373-def6-457a-82a9-a1e83672b932_m640" alt="" /> ↵<img src="https://img.dmallcdn.com/20180808/48d45c6b-44ab-4697-bf49-3aaae0db5b97_m640" alt="" /> ↵<img src="https://img.dmallcdn.com/20180808/d0eab65e-bb25-4e2d-b900-616f02b9d358_m640" alt="" /> ↵<img src="https://img.dmallcdn.com/20180808/7fb03868-7ebe-4d5f-8cbb-d1009b2c24b0_m640" alt="" /> ↵<img src="https://img.dmallcdn.com/20180808/681446cc-c8cc-4381-b89e-db8247fd22dc_m640" alt="" /> ↵<img src="https://img.dmallcdn.com/20180808/fc7afea4-f45e-4d56-963f-482385986979_m640" alt="" /> ↵<img src="https://img.dmallcdn.com/20180808/5e45549c-b902-4f80-ba78-cbff488c270d_m640" alt="" /> ↵<br /><p><img src="https://img.dmallcdn.com//20180408/38fb0f09-bd05-4302-9519-331d4dcf7752_m640" alt="" /></p>', '[{"key":"类别","value":"其他"},{"key":"包装","value":"呆滞状"}]', 115),
	(62, '茴香【袋】 约300g', 'https://img.dmallcdn.com/20181119/7e846903-72d2-4e76-91a8-d1c75889a408_240x240H', '["https://img.dmallcdn.com/20181119/7e846903-72d2-4e76-91a8-d1c75889a408_240x240H","https://img.dmallcdn.com/20181119/7e846903-72d2-4e76-91a8-d1c75889a408_240x240H","https://img.dmallcdn.com/20181119/7e846903-72d2-4e76-91a8-d1c75889a408_240x240H","https://img.dmallcdn.com/20181119/7e846903-72d2-4e76-91a8-d1c75889a408_240x240H"]', 2.90, 2.90, 11341, 24, '<img src="https://img.dmallcdn.com/20180808/2ff402b1-cf38-4354-957d-303d4b0c373d_m640" alt="" /> ↵<img src="https://img.dmallcdn.com/20180808/fd48ab65-da49-4c9a-8e6d-cc2a4a268bf5_m640" alt="" /> ↵<img src="https://img.dmallcdn.com/20180808/69426373-def6-457a-82a9-a1e83672b932_m640" alt="" /> ↵<img src="https://img.dmallcdn.com/20180808/48d45c6b-44ab-4697-bf49-3aaae0db5b97_m640" alt="" /> ↵<img src="https://img.dmallcdn.com/20180808/d0eab65e-bb25-4e2d-b900-616f02b9d358_m640" alt="" /> ↵<img src="https://img.dmallcdn.com/20180808/7fb03868-7ebe-4d5f-8cbb-d1009b2c24b0_m640" alt="" /> ↵<img src="https://img.dmallcdn.com/20180808/681446cc-c8cc-4381-b89e-db8247fd22dc_m640" alt="" /> ↵<img src="https://img.dmallcdn.com/20180808/fc7afea4-f45e-4d56-963f-482385986979_m640" alt="" /> ↵<img src="https://img.dmallcdn.com/20180808/5e45549c-b902-4f80-ba78-cbff488c270d_m640" alt="" /> ↵<br /><p><img src="https://img.dmallcdn.com//20180408/38fb0f09-bd05-4302-9519-331d4dcf7752_m640" alt="" /></p>', '[{"key":"类别","value":"其他"},{"key":"包装","value":"呆滞状"}]', 115),
	(63, '菲律宾进口香蕉【精】 约500g', 'https://img.dmallcdn.com/20190404/94a9ef4b-2156-4107-9fec-1cfcf17ef977_240x240H', '["https://img.dmallcdn.com/20190404/94a9ef4b-2156-4107-9fec-1cfcf17ef977_240x240H","https://img.dmallcdn.com/20190404/94a9ef4b-2156-4107-9fec-1cfcf17ef977_240x240H","https://img.dmallcdn.com/20190404/94a9ef4b-2156-4107-9fec-1cfcf17ef977_240x240H","https://img.dmallcdn.com/20190404/94a9ef4b-2156-4107-9fec-1cfcf17ef977_240x240H"]', 5.90, 5.90, 11342, 0, '<img src="https://img.dmallcdn.com/20180808/2ff402b1-cf38-4354-957d-303d4b0c373d_m640" alt="" /> ↵<img src="https://img.dmallcdn.com/20180808/fd48ab65-da49-4c9a-8e6d-cc2a4a268bf5_m640" alt="" /> ↵<img src="https://img.dmallcdn.com/20180808/69426373-def6-457a-82a9-a1e83672b932_m640" alt="" /> ↵<img src="https://img.dmallcdn.com/20180808/48d45c6b-44ab-4697-bf49-3aaae0db5b97_m640" alt="" /> ↵<img src="https://img.dmallcdn.com/20180808/d0eab65e-bb25-4e2d-b900-616f02b9d358_m640" alt="" /> ↵<img src="https://img.dmallcdn.com/20180808/7fb03868-7ebe-4d5f-8cbb-d1009b2c24b0_m640" alt="" /> ↵<img src="https://img.dmallcdn.com/20180808/681446cc-c8cc-4381-b89e-db8247fd22dc_m640" alt="" /> ↵<img src="https://img.dmallcdn.com/20180808/fc7afea4-f45e-4d56-963f-482385986979_m640" alt="" /> ↵<img src="https://img.dmallcdn.com/20180808/5e45549c-b902-4f80-ba78-cbff488c270d_m640" alt="" /> ↵<br /><p><img src="https://img.dmallcdn.com//20180408/38fb0f09-bd05-4302-9519-331d4dcf7752_m640" alt="" /></p>', '[{"key":"类别","value":"其他"},{"key":"包装","value":"呆滞状"}]', 92),
	(64, '缤纷田园琯溪红柚甄选 约1.3kg', 'https://img.dmallcdn.com/20191105/9689a08d-5a0b-49b9-b5b0-b97a0d42147d_240x240H', '["https://img.dmallcdn.com/20191105/9689a08d-5a0b-49b9-b5b0-b97a0d42147d_240x240H","https://img.dmallcdn.com/20191105/9689a08d-5a0b-49b9-b5b0-b97a0d42147d_240x240H","https://img.dmallcdn.com/20191105/9689a08d-5a0b-49b9-b5b0-b97a0d42147d_240x240H","https://img.dmallcdn.com/20191105/9689a08d-5a0b-49b9-b5b0-b97a0d42147d_240x240H"]', 5.99, 5.99, 11342, 0, '<img src="https://img.dmallcdn.com/20180808/2ff402b1-cf38-4354-957d-303d4b0c373d_m640" alt="" /> ↵<img src="https://img.dmallcdn.com/20180808/fd48ab65-da49-4c9a-8e6d-cc2a4a268bf5_m640" alt="" /> ↵<img src="https://img.dmallcdn.com/20180808/69426373-def6-457a-82a9-a1e83672b932_m640" alt="" /> ↵<img src="https://img.dmallcdn.com/20180808/48d45c6b-44ab-4697-bf49-3aaae0db5b97_m640" alt="" /> ↵<img src="https://img.dmallcdn.com/20180808/d0eab65e-bb25-4e2d-b900-616f02b9d358_m640" alt="" /> ↵<img src="https://img.dmallcdn.com/20180808/7fb03868-7ebe-4d5f-8cbb-d1009b2c24b0_m640" alt="" /> ↵<img src="https://img.dmallcdn.com/20180808/681446cc-c8cc-4381-b89e-db8247fd22dc_m640" alt="" /> ↵<img src="https://img.dmallcdn.com/20180808/fc7afea4-f45e-4d56-963f-482385986979_m640" alt="" /> ↵<img src="https://img.dmallcdn.com/20180808/5e45549c-b902-4f80-ba78-cbff488c270d_m640" alt="" /> ↵<br /><p><img src="https://img.dmallcdn.com//20180408/38fb0f09-bd05-4302-9519-331d4dcf7752_m640" alt="" /></p>', '[{"key":"类别","value":"其他"},{"key":"包装","value":"呆滞状"}]', 92),
	(65, '蓝莓【精】 约125g', 'https://img.dmallcdn.com/20181025/e37849b0-4d70-4583-9fbc-ac583637564d_240x240H', '["https://img.dmallcdn.com/20181025/e37849b0-4d70-4583-9fbc-ac583637564d_240x240H","https://img.dmallcdn.com/20181025/e37849b0-4d70-4583-9fbc-ac583637564d_240x240H","https://img.dmallcdn.com/20181025/e37849b0-4d70-4583-9fbc-ac583637564d_240x240H","https://img.dmallcdn.com/20181025/e37849b0-4d70-4583-9fbc-ac583637564d_240x240H"]', 9.90, 9.90, 11342, 0, '<img src="https://img.dmallcdn.com/20180808/2ff402b1-cf38-4354-957d-303d4b0c373d_m640" alt="" /> ↵<img src="https://img.dmallcdn.com/20180808/fd48ab65-da49-4c9a-8e6d-cc2a4a268bf5_m640" alt="" /> ↵<img src="https://img.dmallcdn.com/20180808/69426373-def6-457a-82a9-a1e83672b932_m640" alt="" /> ↵<img src="https://img.dmallcdn.com/20180808/48d45c6b-44ab-4697-bf49-3aaae0db5b97_m640" alt="" /> ↵<img src="https://img.dmallcdn.com/20180808/d0eab65e-bb25-4e2d-b900-616f02b9d358_m640" alt="" /> ↵<img src="https://img.dmallcdn.com/20180808/7fb03868-7ebe-4d5f-8cbb-d1009b2c24b0_m640" alt="" /> ↵<img src="https://img.dmallcdn.com/20180808/681446cc-c8cc-4381-b89e-db8247fd22dc_m640" alt="" /> ↵<img src="https://img.dmallcdn.com/20180808/fc7afea4-f45e-4d56-963f-482385986979_m640" alt="" /> ↵<img src="https://img.dmallcdn.com/20180808/5e45549c-b902-4f80-ba78-cbff488c270d_m640" alt="" /> ↵<br /><p><img src="https://img.dmallcdn.com//20180408/38fb0f09-bd05-4302-9519-331d4dcf7752_m640" alt="" /></p>', '[{"key":"类别","value":"其他"},{"key":"包装","value":"呆滞状"}]', 92),
	(66, '丑桔 约950g', 'https://img.dmallcdn.com/20190930/e6b9ce2e-89af-49da-9395-5d2650ab5cbd_240x240H', '["https://img.dmallcdn.com/20190930/e6b9ce2e-89af-49da-9395-5d2650ab5cbd_240x240H","https://img.dmallcdn.com/20190930/e6b9ce2e-89af-49da-9395-5d2650ab5cbd_240x240H","https://img.dmallcdn.com/20190930/e6b9ce2e-89af-49da-9395-5d2650ab5cbd_240x240H","https://img.dmallcdn.com/20190930/e6b9ce2e-89af-49da-9395-5d2650ab5cbd_240x240H"]', 10.44, 10.44, 11342, 0, '<img src="https://img.dmallcdn.com/20180808/2ff402b1-cf38-4354-957d-303d4b0c373d_m640" alt="" /> ↵<img src="https://img.dmallcdn.com/20180808/fd48ab65-da49-4c9a-8e6d-cc2a4a268bf5_m640" alt="" /> ↵<img src="https://img.dmallcdn.com/20180808/69426373-def6-457a-82a9-a1e83672b932_m640" alt="" /> ↵<img src="https://img.dmallcdn.com/20180808/48d45c6b-44ab-4697-bf49-3aaae0db5b97_m640" alt="" /> ↵<img src="https://img.dmallcdn.com/20180808/d0eab65e-bb25-4e2d-b900-616f02b9d358_m640" alt="" /> ↵<img src="https://img.dmallcdn.com/20180808/7fb03868-7ebe-4d5f-8cbb-d1009b2c24b0_m640" alt="" /> ↵<img src="https://img.dmallcdn.com/20180808/681446cc-c8cc-4381-b89e-db8247fd22dc_m640" alt="" /> ↵<img src="https://img.dmallcdn.com/20180808/fc7afea4-f45e-4d56-963f-482385986979_m640" alt="" /> ↵<img src="https://img.dmallcdn.com/20180808/5e45549c-b902-4f80-ba78-cbff488c270d_m640" alt="" /> ↵<br /><p><img src="https://img.dmallcdn.com//20180408/38fb0f09-bd05-4302-9519-331d4dcf7752_m640" alt="" /></p>', '[{"key":"类别","value":"其他"},{"key":"包装","value":"呆滞状"}]', 92),
	(67, '缤纷田园琯溪蜜柚 甄选 1.4kg', 'https://img.dmallcdn.com/20191105/77b800dd-5564-4421-ba4b-56a2bf1511ca_240x240H', '["https://img.dmallcdn.com/20191105/77b800dd-5564-4421-ba4b-56a2bf1511ca_240x240H","https://img.dmallcdn.com/20191105/77b800dd-5564-4421-ba4b-56a2bf1511ca_240x240H","https://img.dmallcdn.com/20191105/77b800dd-5564-4421-ba4b-56a2bf1511ca_240x240H","https://img.dmallcdn.com/20191105/77b800dd-5564-4421-ba4b-56a2bf1511ca_240x240H"]', 3.99, 3.99, 11342, 6253, '<img src="https://img.dmallcdn.com/20180808/2ff402b1-cf38-4354-957d-303d4b0c373d_m640" alt="" /> ↵<img src="https://img.dmallcdn.com/20180808/fd48ab65-da49-4c9a-8e6d-cc2a4a268bf5_m640" alt="" /> ↵<img src="https://img.dmallcdn.com/20180808/69426373-def6-457a-82a9-a1e83672b932_m640" alt="" /> ↵<img src="https://img.dmallcdn.com/20180808/48d45c6b-44ab-4697-bf49-3aaae0db5b97_m640" alt="" /> ↵<img src="https://img.dmallcdn.com/20180808/d0eab65e-bb25-4e2d-b900-616f02b9d358_m640" alt="" /> ↵<img src="https://img.dmallcdn.com/20180808/7fb03868-7ebe-4d5f-8cbb-d1009b2c24b0_m640" alt="" /> ↵<img src="https://img.dmallcdn.com/20180808/681446cc-c8cc-4381-b89e-db8247fd22dc_m640" alt="" /> ↵<img src="https://img.dmallcdn.com/20180808/fc7afea4-f45e-4d56-963f-482385986979_m640" alt="" /> ↵<img src="https://img.dmallcdn.com/20180808/5e45549c-b902-4f80-ba78-cbff488c270d_m640" alt="" /> ↵<br /><p><img src="https://img.dmallcdn.com//20180408/38fb0f09-bd05-4302-9519-331d4dcf7752_m640" alt="" /></p>', '[{"key":"类别","value":"其他"},{"key":"包装","value":"呆滞状"}]', 92),
	(68, '缤纷田园有机黄金柚 约1.4kg', 'https://img.dmallcdn.com/20190930/065a9cce-0539-4780-855a-7de4ba428b85_240x240H', '["https://img.dmallcdn.com/20190930/065a9cce-0539-4780-855a-7de4ba428b85_240x240H","https://img.dmallcdn.com/20190930/065a9cce-0539-4780-855a-7de4ba428b85_240x240H","https://img.dmallcdn.com/20190930/065a9cce-0539-4780-855a-7de4ba428b85_240x240H","https://img.dmallcdn.com/20190930/065a9cce-0539-4780-855a-7de4ba428b85_240x240H"]', 15.52, 15.52, 11342, 0, '<img src="https://img.dmallcdn.com/20180808/2ff402b1-cf38-4354-957d-303d4b0c373d_m640" alt="" /> ↵<img src="https://img.dmallcdn.com/20180808/fd48ab65-da49-4c9a-8e6d-cc2a4a268bf5_m640" alt="" /> ↵<img src="https://img.dmallcdn.com/20180808/69426373-def6-457a-82a9-a1e83672b932_m640" alt="" /> ↵<img src="https://img.dmallcdn.com/20180808/48d45c6b-44ab-4697-bf49-3aaae0db5b97_m640" alt="" /> ↵<img src="https://img.dmallcdn.com/20180808/d0eab65e-bb25-4e2d-b900-616f02b9d358_m640" alt="" /> ↵<img src="https://img.dmallcdn.com/20180808/7fb03868-7ebe-4d5f-8cbb-d1009b2c24b0_m640" alt="" /> ↵<img src="https://img.dmallcdn.com/20180808/681446cc-c8cc-4381-b89e-db8247fd22dc_m640" alt="" /> ↵<img src="https://img.dmallcdn.com/20180808/fc7afea4-f45e-4d56-963f-482385986979_m640" alt="" /> ↵<img src="https://img.dmallcdn.com/20180808/5e45549c-b902-4f80-ba78-cbff488c270d_m640" alt="" /> ↵<br /><p><img src="https://img.dmallcdn.com//20180408/38fb0f09-bd05-4302-9519-331d4dcf7752_m640" alt="" /></p>', '[{"key":"类别","value":"其他"},{"key":"包装","value":"呆滞状"}]', 92),
	(69, '缤纷田园大荔冬枣 约450g', 'https://img.dmallcdn.com/20181011/8d548014-2dc4-4dad-b835-7688f0c3869e_240x240H', '["https://img.dmallcdn.com/20181011/8d548014-2dc4-4dad-b835-7688f0c3869e_240x240H","https://img.dmallcdn.com/20181011/8d548014-2dc4-4dad-b835-7688f0c3869e_240x240H","https://img.dmallcdn.com/20181011/8d548014-2dc4-4dad-b835-7688f0c3869e_240x240H","https://img.dmallcdn.com/20181011/8d548014-2dc4-4dad-b835-7688f0c3869e_240x240H"]', 5.90, 5.90, 11342, 0, '<img src="https://img.dmallcdn.com/20180808/2ff402b1-cf38-4354-957d-303d4b0c373d_m640" alt="" /> ↵<img src="https://img.dmallcdn.com/20180808/fd48ab65-da49-4c9a-8e6d-cc2a4a268bf5_m640" alt="" /> ↵<img src="https://img.dmallcdn.com/20180808/69426373-def6-457a-82a9-a1e83672b932_m640" alt="" /> ↵<img src="https://img.dmallcdn.com/20180808/48d45c6b-44ab-4697-bf49-3aaae0db5b97_m640" alt="" /> ↵<img src="https://img.dmallcdn.com/20180808/d0eab65e-bb25-4e2d-b900-616f02b9d358_m640" alt="" /> ↵<img src="https://img.dmallcdn.com/20180808/7fb03868-7ebe-4d5f-8cbb-d1009b2c24b0_m640" alt="" /> ↵<img src="https://img.dmallcdn.com/20180808/681446cc-c8cc-4381-b89e-db8247fd22dc_m640" alt="" /> ↵<img src="https://img.dmallcdn.com/20180808/fc7afea4-f45e-4d56-963f-482385986979_m640" alt="" /> ↵<img src="https://img.dmallcdn.com/20180808/5e45549c-b902-4f80-ba78-cbff488c270d_m640" alt="" /> ↵<br /><p><img src="https://img.dmallcdn.com//20180408/38fb0f09-bd05-4302-9519-331d4dcf7752_m640" alt="" /></p>', '[{"key":"类别","value":"其他"},{"key":"包装","value":"呆滞状"}]', 92),
	(70, '山顶蜜桔【精】 约580g', 'https://img.dmallcdn.com/20190814/86cff1c8-ab6e-4759-94d2-5be83ae36e5e_240x240H', '["https://img.dmallcdn.com/20190814/86cff1c8-ab6e-4759-94d2-5be83ae36e5e_240x240H","https://img.dmallcdn.com/20190814/86cff1c8-ab6e-4759-94d2-5be83ae36e5e_240x240H","https://img.dmallcdn.com/20190814/86cff1c8-ab6e-4759-94d2-5be83ae36e5e_240x240H","https://img.dmallcdn.com/20190814/86cff1c8-ab6e-4759-94d2-5be83ae36e5e_240x240H"]', 5.90, 5.90, 11342, 0, '<img src="https://img.dmallcdn.com/20180808/2ff402b1-cf38-4354-957d-303d4b0c373d_m640" alt="" /> ↵<img src="https://img.dmallcdn.com/20180808/fd48ab65-da49-4c9a-8e6d-cc2a4a268bf5_m640" alt="" /> ↵<img src="https://img.dmallcdn.com/20180808/69426373-def6-457a-82a9-a1e83672b932_m640" alt="" /> ↵<img src="https://img.dmallcdn.com/20180808/48d45c6b-44ab-4697-bf49-3aaae0db5b97_m640" alt="" /> ↵<img src="https://img.dmallcdn.com/20180808/d0eab65e-bb25-4e2d-b900-616f02b9d358_m640" alt="" /> ↵<img src="https://img.dmallcdn.com/20180808/7fb03868-7ebe-4d5f-8cbb-d1009b2c24b0_m640" alt="" /> ↵<img src="https://img.dmallcdn.com/20180808/681446cc-c8cc-4381-b89e-db8247fd22dc_m640" alt="" /> ↵<img src="https://img.dmallcdn.com/20180808/fc7afea4-f45e-4d56-963f-482385986979_m640" alt="" /> ↵<img src="https://img.dmallcdn.com/20180808/5e45549c-b902-4f80-ba78-cbff488c270d_m640" alt="" /> ↵<br /><p><img src="https://img.dmallcdn.com//20180408/38fb0f09-bd05-4302-9519-331d4dcf7752_m640" alt="" /></p>', '[{"key":"类别","value":"其他"},{"key":"包装","value":"呆滞状"}]', 92),
	(71, '琯溪红柚 约1.6kg', 'https://img.dmallcdn.com/20190917/4e70b099-bc2a-4676-8099-1fa6e3c16b09_240x240H', '["https://img.dmallcdn.com/20190917/4e70b099-bc2a-4676-8099-1fa6e3c16b09_240x240H","https://img.dmallcdn.com/20190917/4e70b099-bc2a-4676-8099-1fa6e3c16b09_240x240H","https://img.dmallcdn.com/20190917/4e70b099-bc2a-4676-8099-1fa6e3c16b09_240x240H","https://img.dmallcdn.com/20190917/4e70b099-bc2a-4676-8099-1fa6e3c16b09_240x240H"]', 11.02, 11.02, 11342, 0, '<img src="https://img.dmallcdn.com/20180808/2ff402b1-cf38-4354-957d-303d4b0c373d_m640" alt="" /> ↵<img src="https://img.dmallcdn.com/20180808/fd48ab65-da49-4c9a-8e6d-cc2a4a268bf5_m640" alt="" /> ↵<img src="https://img.dmallcdn.com/20180808/69426373-def6-457a-82a9-a1e83672b932_m640" alt="" /> ↵<img src="https://img.dmallcdn.com/20180808/48d45c6b-44ab-4697-bf49-3aaae0db5b97_m640" alt="" /> ↵<img src="https://img.dmallcdn.com/20180808/d0eab65e-bb25-4e2d-b900-616f02b9d358_m640" alt="" /> ↵<img src="https://img.dmallcdn.com/20180808/7fb03868-7ebe-4d5f-8cbb-d1009b2c24b0_m640" alt="" /> ↵<img src="https://img.dmallcdn.com/20180808/681446cc-c8cc-4381-b89e-db8247fd22dc_m640" alt="" /> ↵<img src="https://img.dmallcdn.com/20180808/fc7afea4-f45e-4d56-963f-482385986979_m640" alt="" /> ↵<img src="https://img.dmallcdn.com/20180808/5e45549c-b902-4f80-ba78-cbff488c270d_m640" alt="" /> ↵<br /><p><img src="https://img.dmallcdn.com//20180408/38fb0f09-bd05-4302-9519-331d4dcf7752_m640" alt="" /></p>', '[{"key":"类别","value":"其他"},{"key":"包装","value":"呆滞状"}]', 92),
	(72, '巨峰葡萄 约1.1kg', 'https://img.dmallcdn.com/20181011/bd712df1-8210-4b50-aead-99bfd7d17aa1_240x240H', '["https://img.dmallcdn.com/20181011/bd712df1-8210-4b50-aead-99bfd7d17aa1_240x240H","https://img.dmallcdn.com/20181011/bd712df1-8210-4b50-aead-99bfd7d17aa1_240x240H","https://img.dmallcdn.com/20181011/bd712df1-8210-4b50-aead-99bfd7d17aa1_240x240H","https://img.dmallcdn.com/20181011/bd712df1-8210-4b50-aead-99bfd7d17aa1_240x240H"]', 14.68, 14.68, 11342, 0, '<img src="https://img.dmallcdn.com/20180808/2ff402b1-cf38-4354-957d-303d4b0c373d_m640" alt="" /> ↵<img src="https://img.dmallcdn.com/20180808/fd48ab65-da49-4c9a-8e6d-cc2a4a268bf5_m640" alt="" /> ↵<img src="https://img.dmallcdn.com/20180808/69426373-def6-457a-82a9-a1e83672b932_m640" alt="" /> ↵<img src="https://img.dmallcdn.com/20180808/48d45c6b-44ab-4697-bf49-3aaae0db5b97_m640" alt="" /> ↵<img src="https://img.dmallcdn.com/20180808/d0eab65e-bb25-4e2d-b900-616f02b9d358_m640" alt="" /> ↵<img src="https://img.dmallcdn.com/20180808/7fb03868-7ebe-4d5f-8cbb-d1009b2c24b0_m640" alt="" /> ↵<img src="https://img.dmallcdn.com/20180808/681446cc-c8cc-4381-b89e-db8247fd22dc_m640" alt="" /> ↵<img src="https://img.dmallcdn.com/20180808/fc7afea4-f45e-4d56-963f-482385986979_m640" alt="" /> ↵<img src="https://img.dmallcdn.com/20180808/5e45549c-b902-4f80-ba78-cbff488c270d_m640" alt="" /> ↵<br /><p><img src="https://img.dmallcdn.com//20180408/38fb0f09-bd05-4302-9519-331d4dcf7752_m640" alt="" /></p>', '[{"key":"类别","value":"其他"},{"key":"包装","value":"呆滞状"}]', 92),
	(73, '百香果【精】 约150g', 'https://img.dmallcdn.com/20190404/57cd6ce4-aaa7-4352-bbd0-c30ff3e13ff2_240x240H', '["https://img.dmallcdn.com/20190404/57cd6ce4-aaa7-4352-bbd0-c30ff3e13ff2_240x240H","https://img.dmallcdn.com/20190404/57cd6ce4-aaa7-4352-bbd0-c30ff3e13ff2_240x240H","https://img.dmallcdn.com/20190404/57cd6ce4-aaa7-4352-bbd0-c30ff3e13ff2_240x240H","https://img.dmallcdn.com/20190404/57cd6ce4-aaa7-4352-bbd0-c30ff3e13ff2_240x240H"]', 5.98, 5.98, 11342, 0, '<img src="https://img.dmallcdn.com/20180808/2ff402b1-cf38-4354-957d-303d4b0c373d_m640" alt="" /> ↵<img src="https://img.dmallcdn.com/20180808/fd48ab65-da49-4c9a-8e6d-cc2a4a268bf5_m640" alt="" /> ↵<img src="https://img.dmallcdn.com/20180808/69426373-def6-457a-82a9-a1e83672b932_m640" alt="" /> ↵<img src="https://img.dmallcdn.com/20180808/48d45c6b-44ab-4697-bf49-3aaae0db5b97_m640" alt="" /> ↵<img src="https://img.dmallcdn.com/20180808/d0eab65e-bb25-4e2d-b900-616f02b9d358_m640" alt="" /> ↵<img src="https://img.dmallcdn.com/20180808/7fb03868-7ebe-4d5f-8cbb-d1009b2c24b0_m640" alt="" /> ↵<img src="https://img.dmallcdn.com/20180808/681446cc-c8cc-4381-b89e-db8247fd22dc_m640" alt="" /> ↵<img src="https://img.dmallcdn.com/20180808/fc7afea4-f45e-4d56-963f-482385986979_m640" alt="" /> ↵<img src="https://img.dmallcdn.com/20180808/5e45549c-b902-4f80-ba78-cbff488c270d_m640" alt="" /> ↵<br /><p><img src="https://img.dmallcdn.com//20180408/38fb0f09-bd05-4302-9519-331d4dcf7752_m640" alt="" /></p>', '[{"key":"类别","value":"其他"},{"key":"包装","value":"呆滞状"}]', 92),
	(74, '缤纷田园冰糖橙【精】 约950g', 'https://img.dmallcdn.com/20191029/30527043-0d5d-4b25-aced-11456ec3f75f_240x240H', '["https://img.dmallcdn.com/20191029/30527043-0d5d-4b25-aced-11456ec3f75f_240x240H","https://img.dmallcdn.com/20191029/30527043-0d5d-4b25-aced-11456ec3f75f_240x240H","https://img.dmallcdn.com/20191029/30527043-0d5d-4b25-aced-11456ec3f75f_240x240H","https://img.dmallcdn.com/20191029/30527043-0d5d-4b25-aced-11456ec3f75f_240x240H"]', 15.90, 15.90, 11342, 0, '<img src="https://img.dmallcdn.com/20180808/2ff402b1-cf38-4354-957d-303d4b0c373d_m640" alt="" /> ↵<img src="https://img.dmallcdn.com/20180808/fd48ab65-da49-4c9a-8e6d-cc2a4a268bf5_m640" alt="" /> ↵<img src="https://img.dmallcdn.com/20180808/69426373-def6-457a-82a9-a1e83672b932_m640" alt="" /> ↵<img src="https://img.dmallcdn.com/20180808/48d45c6b-44ab-4697-bf49-3aaae0db5b97_m640" alt="" /> ↵<img src="https://img.dmallcdn.com/20180808/d0eab65e-bb25-4e2d-b900-616f02b9d358_m640" alt="" /> ↵<img src="https://img.dmallcdn.com/20180808/7fb03868-7ebe-4d5f-8cbb-d1009b2c24b0_m640" alt="" /> ↵<img src="https://img.dmallcdn.com/20180808/681446cc-c8cc-4381-b89e-db8247fd22dc_m640" alt="" /> ↵<img src="https://img.dmallcdn.com/20180808/fc7afea4-f45e-4d56-963f-482385986979_m640" alt="" /> ↵<img src="https://img.dmallcdn.com/20180808/5e45549c-b902-4f80-ba78-cbff488c270d_m640" alt="" /> ↵<br /><p><img src="https://img.dmallcdn.com//20180408/38fb0f09-bd05-4302-9519-331d4dcf7752_m640" alt="" /></p>', '[{"key":"类别","value":"其他"},{"key":"包装","value":"呆滞状"}]', 92),
	(75, '木瓜【甄选】 约600g/1粒', 'https://img.dmallcdn.com/20190725/13daa37d-658a-4f73-ae54-370ec5e045e0_240x240H', '["https://img.dmallcdn.com/20190725/13daa37d-658a-4f73-ae54-370ec5e045e0_240x240H","https://img.dmallcdn.com/20190725/13daa37d-658a-4f73-ae54-370ec5e045e0_240x240H","https://img.dmallcdn.com/20190725/13daa37d-658a-4f73-ae54-370ec5e045e0_240x240H","https://img.dmallcdn.com/20190725/13daa37d-658a-4f73-ae54-370ec5e045e0_240x240H"]', 9.90, 9.90, 11342, 0, '<img src="https://img.dmallcdn.com/20180808/2ff402b1-cf38-4354-957d-303d4b0c373d_m640" alt="" /> ↵<img src="https://img.dmallcdn.com/20180808/fd48ab65-da49-4c9a-8e6d-cc2a4a268bf5_m640" alt="" /> ↵<img src="https://img.dmallcdn.com/20180808/69426373-def6-457a-82a9-a1e83672b932_m640" alt="" /> ↵<img src="https://img.dmallcdn.com/20180808/48d45c6b-44ab-4697-bf49-3aaae0db5b97_m640" alt="" /> ↵<img src="https://img.dmallcdn.com/20180808/d0eab65e-bb25-4e2d-b900-616f02b9d358_m640" alt="" /> ↵<img src="https://img.dmallcdn.com/20180808/7fb03868-7ebe-4d5f-8cbb-d1009b2c24b0_m640" alt="" /> ↵<img src="https://img.dmallcdn.com/20180808/681446cc-c8cc-4381-b89e-db8247fd22dc_m640" alt="" /> ↵<img src="https://img.dmallcdn.com/20180808/fc7afea4-f45e-4d56-963f-482385986979_m640" alt="" /> ↵<img src="https://img.dmallcdn.com/20180808/5e45549c-b902-4f80-ba78-cbff488c270d_m640" alt="" /> ↵<br /><p><img src="https://img.dmallcdn.com//20180408/38fb0f09-bd05-4302-9519-331d4dcf7752_m640" alt="" /></p>', '[{"key":"类别","value":"其他"},{"key":"包装","value":"呆滞状"}]', 92),
	(76, '库尔勒香梨【精】 约1kg', 'https://img.dmallcdn.com/20190316/e2759d12-eb2a-443b-98b1-4237ff1ca5f7_240x240H', '["https://img.dmallcdn.com/20190316/e2759d12-eb2a-443b-98b1-4237ff1ca5f7_240x240H","https://img.dmallcdn.com/20190316/e2759d12-eb2a-443b-98b1-4237ff1ca5f7_240x240H","https://img.dmallcdn.com/20190316/e2759d12-eb2a-443b-98b1-4237ff1ca5f7_240x240H","https://img.dmallcdn.com/20190316/e2759d12-eb2a-443b-98b1-4237ff1ca5f7_240x240H"]', 17.90, 17.89, 11342, 0, '<img src="https://img.dmallcdn.com/20180808/2ff402b1-cf38-4354-957d-303d4b0c373d_m640" alt="" /> ↵<img src="https://img.dmallcdn.com/20180808/fd48ab65-da49-4c9a-8e6d-cc2a4a268bf5_m640" alt="" /> ↵<img src="https://img.dmallcdn.com/20180808/69426373-def6-457a-82a9-a1e83672b932_m640" alt="" /> ↵<img src="https://img.dmallcdn.com/20180808/48d45c6b-44ab-4697-bf49-3aaae0db5b97_m640" alt="" /> ↵<img src="https://img.dmallcdn.com/20180808/d0eab65e-bb25-4e2d-b900-616f02b9d358_m640" alt="" /> ↵<img src="https://img.dmallcdn.com/20180808/7fb03868-7ebe-4d5f-8cbb-d1009b2c24b0_m640" alt="" /> ↵<img src="https://img.dmallcdn.com/20180808/681446cc-c8cc-4381-b89e-db8247fd22dc_m640" alt="" /> ↵<img src="https://img.dmallcdn.com/20180808/fc7afea4-f45e-4d56-963f-482385986979_m640" alt="" /> ↵<img src="https://img.dmallcdn.com/20180808/5e45549c-b902-4f80-ba78-cbff488c270d_m640" alt="" /> ↵<br /><p><img src="https://img.dmallcdn.com//20180408/38fb0f09-bd05-4302-9519-331d4dcf7752_m640" alt="" /></p>', '[{"key":"类别","value":"其他"},{"key":"包装","value":"呆滞状"}]', 92),
	(77, '缤纷田园冰糖心苹果甄选 约700g', 'https://img.dmallcdn.com/20191105/acb570e7-6b9c-4575-a5f7-cc6942cec029_240x240H', '["https://img.dmallcdn.com/20191105/acb570e7-6b9c-4575-a5f7-cc6942cec029_240x240H","https://img.dmallcdn.com/20191105/acb570e7-6b9c-4575-a5f7-cc6942cec029_240x240H","https://img.dmallcdn.com/20191105/acb570e7-6b9c-4575-a5f7-cc6942cec029_240x240H","https://img.dmallcdn.com/20191105/acb570e7-6b9c-4575-a5f7-cc6942cec029_240x240H"]', 13.90, 13.90, 11342, 0, '<img src="https://img.dmallcdn.com/20180808/2ff402b1-cf38-4354-957d-303d4b0c373d_m640" alt="" /> ↵<img src="https://img.dmallcdn.com/20180808/fd48ab65-da49-4c9a-8e6d-cc2a4a268bf5_m640" alt="" /> ↵<img src="https://img.dmallcdn.com/20180808/69426373-def6-457a-82a9-a1e83672b932_m640" alt="" /> ↵<img src="https://img.dmallcdn.com/20180808/48d45c6b-44ab-4697-bf49-3aaae0db5b97_m640" alt="" /> ↵<img src="https://img.dmallcdn.com/20180808/d0eab65e-bb25-4e2d-b900-616f02b9d358_m640" alt="" /> ↵<img src="https://img.dmallcdn.com/20180808/7fb03868-7ebe-4d5f-8cbb-d1009b2c24b0_m640" alt="" /> ↵<img src="https://img.dmallcdn.com/20180808/681446cc-c8cc-4381-b89e-db8247fd22dc_m640" alt="" /> ↵<img src="https://img.dmallcdn.com/20180808/fc7afea4-f45e-4d56-963f-482385986979_m640" alt="" /> ↵<img src="https://img.dmallcdn.com/20180808/5e45549c-b902-4f80-ba78-cbff488c270d_m640" alt="" /> ↵<br /><p><img src="https://img.dmallcdn.com//20180408/38fb0f09-bd05-4302-9519-331d4dcf7752_m640" alt="" /></p>', '[{"key":"类别","value":"其他"},{"key":"包装","value":"呆滞状"}]', 92),
	(78, '猕猴桃 约950g', 'https://img.dmallcdn.com/20180611/9dd36899-82d6-42c6-84f4-fdcb996eb902_240x240H', '["https://img.dmallcdn.com/20180611/9dd36899-82d6-42c6-84f4-fdcb996eb902_240x240H","https://img.dmallcdn.com/20180611/9dd36899-82d6-42c6-84f4-fdcb996eb902_240x240H","https://img.dmallcdn.com/20180611/9dd36899-82d6-42c6-84f4-fdcb996eb902_240x240H","https://img.dmallcdn.com/20180611/9dd36899-82d6-42c6-84f4-fdcb996eb902_240x240H"]', 8.21, 8.21, 11342, 0, '<img src="https://img.dmallcdn.com/20180808/2ff402b1-cf38-4354-957d-303d4b0c373d_m640" alt="" /> ↵<img src="https://img.dmallcdn.com/20180808/fd48ab65-da49-4c9a-8e6d-cc2a4a268bf5_m640" alt="" /> ↵<img src="https://img.dmallcdn.com/20180808/69426373-def6-457a-82a9-a1e83672b932_m640" alt="" /> ↵<img src="https://img.dmallcdn.com/20180808/48d45c6b-44ab-4697-bf49-3aaae0db5b97_m640" alt="" /> ↵<img src="https://img.dmallcdn.com/20180808/d0eab65e-bb25-4e2d-b900-616f02b9d358_m640" alt="" /> ↵<img src="https://img.dmallcdn.com/20180808/7fb03868-7ebe-4d5f-8cbb-d1009b2c24b0_m640" alt="" /> ↵<img src="https://img.dmallcdn.com/20180808/681446cc-c8cc-4381-b89e-db8247fd22dc_m640" alt="" /> ↵<img src="https://img.dmallcdn.com/20180808/fc7afea4-f45e-4d56-963f-482385986979_m640" alt="" /> ↵<img src="https://img.dmallcdn.com/20180808/5e45549c-b902-4f80-ba78-cbff488c270d_m640" alt="" /> ↵<br /><p><img src="https://img.dmallcdn.com//20180408/38fb0f09-bd05-4302-9519-331d4dcf7752_m640" alt="" /></p>', '[{"key":"类别","value":"其他"},{"key":"包装","value":"呆滞状"}]', 92),
	(79, '黄柠檬 约120g', 'https://img.dmallcdn.com/20191029/ba786177-362a-4c78-af32-8e1e7092b4ed_240x240H', '["https://img.dmallcdn.com/20191029/ba786177-362a-4c78-af32-8e1e7092b4ed_240x240H","https://img.dmallcdn.com/20191029/ba786177-362a-4c78-af32-8e1e7092b4ed_240x240H","https://img.dmallcdn.com/20191029/ba786177-362a-4c78-af32-8e1e7092b4ed_240x240H","https://img.dmallcdn.com/20191029/ba786177-362a-4c78-af32-8e1e7092b4ed_240x240H"]', 0.98, 0.98, 11342, 232412, '<img src="https://img.dmallcdn.com/20180808/2ff402b1-cf38-4354-957d-303d4b0c373d_m640" alt="" /> ↵<img src="https://img.dmallcdn.com/20180808/fd48ab65-da49-4c9a-8e6d-cc2a4a268bf5_m640" alt="" /> ↵<img src="https://img.dmallcdn.com/20180808/69426373-def6-457a-82a9-a1e83672b932_m640" alt="" /> ↵<img src="https://img.dmallcdn.com/20180808/48d45c6b-44ab-4697-bf49-3aaae0db5b97_m640" alt="" /> ↵<img src="https://img.dmallcdn.com/20180808/d0eab65e-bb25-4e2d-b900-616f02b9d358_m640" alt="" /> ↵<img src="https://img.dmallcdn.com/20180808/7fb03868-7ebe-4d5f-8cbb-d1009b2c24b0_m640" alt="" /> ↵<img src="https://img.dmallcdn.com/20180808/681446cc-c8cc-4381-b89e-db8247fd22dc_m640" alt="" /> ↵<img src="https://img.dmallcdn.com/20180808/fc7afea4-f45e-4d56-963f-482385986979_m640" alt="" /> ↵<img src="https://img.dmallcdn.com/20180808/5e45549c-b902-4f80-ba78-cbff488c270d_m640" alt="" /> ↵<br /><p><img src="https://img.dmallcdn.com//20180408/38fb0f09-bd05-4302-9519-331d4dcf7752_m640" alt="" /></p>', '[{"key":"类别","value":"其他"},{"key":"包装","value":"呆滞状"}]', 92),
	(80, '红肉火龙果 约1.25kg', 'https://img.dmallcdn.com/20190704/13f42fd7-92e8-4143-b82a-cf1f2c22bca0_240x240H', '["https://img.dmallcdn.com/20190704/13f42fd7-92e8-4143-b82a-cf1f2c22bca0_240x240H","https://img.dmallcdn.com/20190704/13f42fd7-92e8-4143-b82a-cf1f2c22bca0_240x240H","https://img.dmallcdn.com/20190704/13f42fd7-92e8-4143-b82a-cf1f2c22bca0_240x240H","https://img.dmallcdn.com/20190704/13f42fd7-92e8-4143-b82a-cf1f2c22bca0_240x240H"]', 17.44, 17.44, 11342, 0, '<img src="https://img.dmallcdn.com/20180808/2ff402b1-cf38-4354-957d-303d4b0c373d_m640" alt="" /> ↵<img src="https://img.dmallcdn.com/20180808/fd48ab65-da49-4c9a-8e6d-cc2a4a268bf5_m640" alt="" /> ↵<img src="https://img.dmallcdn.com/20180808/69426373-def6-457a-82a9-a1e83672b932_m640" alt="" /> ↵<img src="https://img.dmallcdn.com/20180808/48d45c6b-44ab-4697-bf49-3aaae0db5b97_m640" alt="" /> ↵<img src="https://img.dmallcdn.com/20180808/d0eab65e-bb25-4e2d-b900-616f02b9d358_m640" alt="" /> ↵<img src="https://img.dmallcdn.com/20180808/7fb03868-7ebe-4d5f-8cbb-d1009b2c24b0_m640" alt="" /> ↵<img src="https://img.dmallcdn.com/20180808/681446cc-c8cc-4381-b89e-db8247fd22dc_m640" alt="" /> ↵<img src="https://img.dmallcdn.com/20180808/fc7afea4-f45e-4d56-963f-482385986979_m640" alt="" /> ↵<img src="https://img.dmallcdn.com/20180808/5e45549c-b902-4f80-ba78-cbff488c270d_m640" alt="" /> ↵<br /><p><img src="https://img.dmallcdn.com//20180408/38fb0f09-bd05-4302-9519-331d4dcf7752_m640" alt="" /></p>', '[{"key":"类别","value":"其他"},{"key":"包装","value":"呆滞状"}]', 92),
	(81, '南丰蜜桔 约650g', 'https://img.dmallcdn.com/20191015/fa5242ce-909d-4138-a8e3-7ce4924aa768_240x240H', '["https://img.dmallcdn.com/20191015/fa5242ce-909d-4138-a8e3-7ce4924aa768_240x240H","https://img.dmallcdn.com/20191015/fa5242ce-909d-4138-a8e3-7ce4924aa768_240x240H","https://img.dmallcdn.com/20191015/fa5242ce-909d-4138-a8e3-7ce4924aa768_240x240H","https://img.dmallcdn.com/20191015/fa5242ce-909d-4138-a8e3-7ce4924aa768_240x240H"]', 6.83, 6.83, 11342, 0, '<img src="https://img.dmallcdn.com/20180808/2ff402b1-cf38-4354-957d-303d4b0c373d_m640" alt="" /> ↵<img src="https://img.dmallcdn.com/20180808/fd48ab65-da49-4c9a-8e6d-cc2a4a268bf5_m640" alt="" /> ↵<img src="https://img.dmallcdn.com/20180808/69426373-def6-457a-82a9-a1e83672b932_m640" alt="" /> ↵<img src="https://img.dmallcdn.com/20180808/48d45c6b-44ab-4697-bf49-3aaae0db5b97_m640" alt="" /> ↵<img src="https://img.dmallcdn.com/20180808/d0eab65e-bb25-4e2d-b900-616f02b9d358_m640" alt="" /> ↵<img src="https://img.dmallcdn.com/20180808/7fb03868-7ebe-4d5f-8cbb-d1009b2c24b0_m640" alt="" /> ↵<img src="https://img.dmallcdn.com/20180808/681446cc-c8cc-4381-b89e-db8247fd22dc_m640" alt="" /> ↵<img src="https://img.dmallcdn.com/20180808/fc7afea4-f45e-4d56-963f-482385986979_m640" alt="" /> ↵<img src="https://img.dmallcdn.com/20180808/5e45549c-b902-4f80-ba78-cbff488c270d_m640" alt="" /> ↵<br /><p><img src="https://img.dmallcdn.com//20180408/38fb0f09-bd05-4302-9519-331d4dcf7752_m640" alt="" /></p>', '[{"key":"类别","value":"其他"},{"key":"包装","value":"呆滞状"}]', 92),
	(82, '云霄枇杷6粒 约140g', 'https://img.dmallcdn.com/20191108/85a7468b-62e7-40c6-9c1e-1ae91d66d7ca_240x240H', '["https://img.dmallcdn.com/20191108/85a7468b-62e7-40c6-9c1e-1ae91d66d7ca_240x240H","https://img.dmallcdn.com/20191108/85a7468b-62e7-40c6-9c1e-1ae91d66d7ca_240x240H","https://img.dmallcdn.com/20191108/85a7468b-62e7-40c6-9c1e-1ae91d66d7ca_240x240H","https://img.dmallcdn.com/20191108/85a7468b-62e7-40c6-9c1e-1ae91d66d7ca_240x240H"]', 9.90, 9.90, 11342, 0, '<img src="https://img.dmallcdn.com/20180808/2ff402b1-cf38-4354-957d-303d4b0c373d_m640" alt="" /> ↵<img src="https://img.dmallcdn.com/20180808/fd48ab65-da49-4c9a-8e6d-cc2a4a268bf5_m640" alt="" /> ↵<img src="https://img.dmallcdn.com/20180808/69426373-def6-457a-82a9-a1e83672b932_m640" alt="" /> ↵<img src="https://img.dmallcdn.com/20180808/48d45c6b-44ab-4697-bf49-3aaae0db5b97_m640" alt="" /> ↵<img src="https://img.dmallcdn.com/20180808/d0eab65e-bb25-4e2d-b900-616f02b9d358_m640" alt="" /> ↵<img src="https://img.dmallcdn.com/20180808/7fb03868-7ebe-4d5f-8cbb-d1009b2c24b0_m640" alt="" /> ↵<img src="https://img.dmallcdn.com/20180808/681446cc-c8cc-4381-b89e-db8247fd22dc_m640" alt="" /> ↵<img src="https://img.dmallcdn.com/20180808/fc7afea4-f45e-4d56-963f-482385986979_m640" alt="" /> ↵<img src="https://img.dmallcdn.com/20180808/5e45549c-b902-4f80-ba78-cbff488c270d_m640" alt="" /> ↵<br /><p><img src="https://img.dmallcdn.com//20180408/38fb0f09-bd05-4302-9519-331d4dcf7752_m640" alt="" /></p>', '[{"key":"类别","value":"其他"},{"key":"包装","value":"呆滞状"}]', 92);
/*!40000 ALTER TABLE `product` ENABLE KEYS */;

-- 导出  表 supermarket.shopcart 结构
CREATE TABLE IF NOT EXISTS `shopcart` (
  `id` int(11) NOT NULL AUTO_INCREMENT,
  `user_id` int(11) NOT NULL DEFAULT '0',
  `num` int(11) NOT NULL DEFAULT '0',
  `active` enum('1','0') NOT NULL DEFAULT '1',
  `product_id` int(11) NOT NULL,
  PRIMARY KEY (`id`)
) ENGINE=InnoDB AUTO_INCREMENT=33 DEFAULT CHARSET=utf8;

-- 正在导出表  supermarket.shopcart 的数据：~2 rows (大约)
DELETE FROM `shopcart`;
/*!40000 ALTER TABLE `shopcart` DISABLE KEYS */;
INSERT INTO `shopcart` (`id`, `user_id`, `num`, `active`, `product_id`) VALUES
	(30, 2, 3, '1', 11),
	(32, 2, 2, '1', 79);
/*!40000 ALTER TABLE `shopcart` ENABLE KEYS */;

-- 导出  表 supermarket.user 结构
CREATE TABLE IF NOT EXISTS `user` (
  `id` int(11) NOT NULL AUTO_INCREMENT,
  `phone` char(50) NOT NULL DEFAULT '0',
  `avatar` char(50) NOT NULL DEFAULT '0',
  `nickname` char(50) NOT NULL DEFAULT '0',
  PRIMARY KEY (`id`)
) ENGINE=InnoDB AUTO_INCREMENT=5 DEFAULT CHARSET=utf8;

-- 正在导出表  supermarket.user 的数据：~3 rows (大约)
DELETE FROM `user`;
/*!40000 ALTER TABLE `user` DISABLE KEYS */;
INSERT INTO `user` (`id`, `phone`, `avatar`, `nickname`) VALUES
	(2, '13333333333', '0', '0'),
	(3, '13333332333', '0', '0'),
	(4, '13433333333', '0', '0');
/*!40000 ALTER TABLE `user` ENABLE KEYS */;

/*!40101 SET SQL_MODE=IFNULL(@OLD_SQL_MODE, '') */;
/*!40014 SET FOREIGN_KEY_CHECKS=IF(@OLD_FOREIGN_KEY_CHECKS IS NULL, 1, @OLD_FOREIGN_KEY_CHECKS) */;
/*!40101 SET CHARACTER_SET_CLIENT=@OLD_CHARACTER_SET_CLIENT */;
